Date,Close,EMA_DIFF_8_21,EMA_DIFF_21_50,EMA_DISTANCE_CLOSE_21,EMA_SLOPE_21,EMA_TREND_STRENGTH,RSI,RSI_SLOPE,SMI,SMI_SLOPE,PRICE_RANGE
2022-01-21,1127.45166015625,11.836554761231582,13.579599481331115,0.002767147951904492,0.31198255522713225,0.0104985031106264,61.218971541061485,0.04709348687782722,2.302431565934894,-9.501502696653105,0.02027962666912606
2022-01-24,1081.9730224609375,3.643940997528489,10.85739495238704,-0.035590546381221874,-3.8508011039129997,0.0033678667784527,39.32087841270136,-21.898093128360124,-41.03215710301512,-43.33458866895002,0.06293370174657016
2022-01-25,1079.8572998046875,-2.5002533457600293,8.331635654493539,-0.03419958081727735,-3.6930666995795036,0.0,36.93207619668619,-2.388802216015172,-44.98127610551276,-3.949119002497639,0.03524705134956664
2022-01-27,1063.863525390625,-8.894315615673804,5.269060279654013,-0.04522490658447186,-4.811312855441884,0.0,38.82235673998505,1.8902805432988572,-60.84586523090116,-15.864589125388399,0.01926774513668063
2022-01-28,1062.83984375,-13.370109443863157,2.522381452900845,-0.042028747522704135,-4.466982745003861,0.0,34.98275433434627,-3.8396024056387787,-68.90914509721543,-8.063279866314268,0.020335117592371492
2022-01-31,1085.9317626953125,-13.232436744837287,1.3080289776762584,-0.018064008377611282,-1.9616280458842539,0.0,43.27578642950651,8.293032095160243,-53.102360895025136,15.806784202190293,0.02103416723596544
2022-02-01,1082.337158203125,-13.339789229453118,0.05688405594969481,-0.01949559279288474,-2.110080450093619,0.0,39.68595737632906,-3.5898290531774535,-48.41752624550661,4.684834649518528,0.030899165333118914
2022-02-02,1084.5438232421875,-12.856440239113681,-0.9220490877676184,-0.01583752546627105,-1.7176490419885795,0.0,27.94612562886698,-11.739831747462077,-44.24615509435787,4.17137115114874,0.013383359606004315
2022-02-03,1070.529541015625,-14.095211543591631,-2.4982475312901897,-0.02648712321708187,-2.8355247860406507,0.0,22.210324091998416,-5.735801536868564,-53.93728489169922,-9.691129797341354,0.023058134271826933
2022-02-04,1060.7694091796875,-15.967992170798425,-4.370590785310924,-0.03266529452927069,-3.465034517849517,0.0,20.002851727232297,-2.2074723647661187,-66.80885408309973,-12.87156919140051,0.011731698550261595
2022-02-07,1054.308349609375,-17.81801675642373,-6.324383549016147,-0.0354488365106326,-3.7374004317098297,0.0,16.13131826774014,-3.8715334594921558,-78.62115904702702,-11.81230496392729,0.022355595474178234
2022-02-08,1072.031005859375,-16.438937526433847,-7.092213595125486,-0.01666450110261395,-1.786486187917717,0.0,26.6975391293,10.56622086155986,-68.2543738739385,10.366785173088516,0.021222036132618114
2022-02-09,1084.521240234375,-13.491599465552781,-7.091920366120803,-0.0045052368017651475,-0.4886025003800114,0.0,31.966573339947477,5.269034210647476,-47.95959923623143,20.29477463770707,0.012250812222647154
2022-02-10,1083.406494140625,-11.281446294098032,-7.124006130424732,-0.005035272062537375,-0.5455246452320353,0.0,35.87338979359322,3.9068164536457424,-36.6635407769072,11.296058459324236,0.012851409726972705
2022-02-11,1081.29052734375,-9.768657948334067,-7.236015131061322,-0.006365468818577732,-0.6882921135627385,-0.0090342583249398,35.31621897841964,-0.5571708151735777,-32.71913656616648,3.9444042107407142,0.017000558979207266
2022-02-14,1064.068359375,-10.76315980180425,-8.198323956629793,-0.020594275898297845,-2.191371736762221,-0.0101151018230881,43.05631169077094,7.740092712351299,-36.03440436916759,-3.315267803001106,0.017938527823002086
2022-02-15,1100.1964111328125,-6.5048177542059875,-7.142033717126424,0.011745286607142268,1.2922122172903983,-0.0059124149909819,56.24129085618563,13.184979165414688,17.49706274938666,53.53146711855425,0.03647723446443936
2022-02-16,1097.9212646484375,-3.661214981040075,-6.311575541112006,0.008815813227602711,0.9679068807752174,-0.0033346789965058,61.411821295609286,5.170530439423658,41.942471745949526,24.445408996562865,0.015354596343183194
2022-02-17,1111.82177734375,0.24869703030049095,-4.845153927041565,0.019280053351552726,2.1435983184608176,0.0,65.10872741183877,3.696906116229485,64.56758156899186,22.62510982304233,0.018375256226731595
2022-02-18,1103.13134765625,1.86708956359098,-3.996286836469608,0.010503614859797467,1.158686681555082,0.0,55.82260476010615,-9.286122651732619,61.03758131097226,-3.530000258019598,0.014952153697321342
2022-02-21,1091.9833984375,1.509816415706382,-3.8168805606951537,0.00036540481994731344,0.0399015997090828,0.0,53.10667962459743,-2.7159251355087193,42.917335793683705,-18.120245517288552,0.022042574746960187
2022-02-22,1087.023681640625,0.5754217536584747,-3.9029571219400623,-0.003814168638818622,-0.4146091636166602,0.0,50.784750158572464,-2.3219294660249687,26.814936547318595,-16.10239924636511,0.02040607542027011
2022-02-23,1080.22119140625,-0.9901423160135892,-4.315869452711922,-0.009214090896504117,-0.9953256245946704,-0.0009166107125935,53.21359819053463,2.4288480319621684,8.945162825483276,-17.86977372183532,0.01623803152389948
2022-02-24,1026.393310546875,-9.145411522244558,-7.443683798691836,-0.05649184510276589,-5.798285191393006,-0.0089102407705402,41.17923804333186,-12.034360147202776,-48.04998866522456,-56.99515149070784,0.04277961933621129
2022-02-25,1039.224853515625,-13.042057611112796,-9.485799513199709,-0.03949736609623933,-4.104664449561824,-0.0125497937881223,46.25216564187927,5.072927598547416,-55.5335741267275,-7.4835854615029405,0.013879435770738004
2022-02-28,1073.62353515625,-11.01678740576358,-9.457463209286061,-0.005629163666357177,-0.6043602595448192,-0.0102613132490247,50.365417386988376,4.113251745109103,-21.894253432635743,33.63932069409176,0.05270068034074225
2022-03-02,1091.369140625,-7.031985786776659,-8.481665929553401,0.00974755839640363,1.0638184430274578,-0.0064432697654886,51.53429672004351,1.1688793330551306,12.588332406617296,34.48258583925304,0.02993480131284012
2022-03-03,1082.1551513671875,-5.282306750906628,-8.075430082046296,0.0011964299965870563,0.12947228840562275,-0.004881284115529,49.72945125398328,-1.8048454660602289,19.763210585899124,7.174878179281828,0.018836964184844193
2022-03-04,1058.1531982421875,-7.090218312647039,-8.93256059039254,-0.019508457392528496,-2.0642936582676157,-0.0067005593560794,45.43004465773255,-4.299406596250726,-1.5347219710728937,-21.297932556972018,0.018898679366104763
2022-03-07,1019.022216796875,-13.363714590279415,-11.672181427866917,-0.05332555520800854,-5.433992547998969,-0.0131142524372883,41.81142793742372,-3.618616720308829,-45.33531194761302,-43.80058997654013,0.040231334929675164
2022-03-08,1017.1793212890624,-17.771542386797364,-14.118730121687122,-0.050212672178947905,-5.107529180709207,-0.0174713956672611,32.760068262500326,-9.051359674923397,-53.35718565481573,-8.021873707202708,0.02952365164905927
2022-03-09,1071.1436767578125,-13.442938749311452,-13.415708893763394,0.0024519787285191916,0.26264215105970834,-0.012550079920185,45.42199260045813,12.661924337957807,-11.693115477198802,41.66407017761693,0.05643350293024906
2022-03-10,1088.50244140625,-7.831301652823413,-11.85650034781952,0.016691144054942778,1.816835105366863,-0.0071945650785183,46.05982128198126,0.6378286815231249,21.74564792300333,33.438763400202134,0.018810710474255414
2022-03-11,1091.6419677734375,-3.2930082908712848,-10.2900628204452,0.01774464359851726,1.9370797655324168,-0.0030165643938992,48.021571618893,1.9617503369117415,45.41528512591257,23.66963720290924,0.014567748027009712
2022-03-14,1100.605712890625,1.1594688651061915,-8.421821960458146,0.02340409008062011,2.575867524773912,0.0,51.49598354447753,3.4744119255845334,69.4892173977433,24.073932271830735,0.020836395209476086
2022-03-15,1075.398193359375,0.9741831002779691,-8.063063317128126,0.0004659210462191799,0.05010506513508517,0.0,48.115376121342905,-3.3806074231346273,58.86138788757685,-10.62782951016645,0.03685292282554277
2022-03-16,1093.55322265625,3.207486242912637,-6.782468466013597,0.015509142425652099,1.696007268020594,0.0,52.08454691413917,3.9691707927962625,69.44464149057427,10.583253602997416,0.012815479785048167
2022-03-17,1129.203369140625,9.403124139836791,-3.7968879632951484,0.042355056028747444,4.782747196780065,0.0,67.04384020049004,14.95929328635087,81.0140133184951,11.569371827920833,0.03316275740402285
2022-03-21,1122.6966552734375,12.739499132075025,-1.5119797278046008,0.03345901617286281,3.7564325546011332,0.0,64.13435179891297,-2.9094884015770646,81.05755563275365,0.043542314258544934,0.01823778881162194
2022-03-22,1151.703857421875,18.65021508280438,1.9886225131060655,0.05254785789012948,6.051957063131795,0.0,63.46730583139559,-0.6670459675173817,90.15725392037314,9.09969828761949,0.032139503032776844
2022-03-23,1155.366455078125,22.93368433448859,5.228432112127166,0.05050122881750664,5.834742571596735,0.0,61.60189572620671,-1.8654101051888787,88.27377511080034,-1.883478809572793,0.016481529245240174
2022-03-24,1173.3165283203125,27.856173537491713,8.967473044961253,0.05911564442762215,6.936136268923747,0.0237413970272538,66.01899471634911,4.417098990142399,93.05946249835628,4.785687387555939,0.028755359215809947
2022-03-25,1181.1429443359375,31.801681672222458,12.605906512789943,0.05940915809556061,7.017070791350989,0.0269244987024853,72.91455722976235,6.895562513413239,91.82948994023748,-1.2299725581188028,0.015024014946981266
2022-03-28,1193.018798828125,35.50843232358784,16.352823387092712,0.06252020846481635,7.458778400517986,0.0297635145049407,86.08228110855717,13.167723878794817,94.29462381977788,2.465133879540403,0.01649533188291816
2022-03-29,1193.291748046875,37.44786687704391,19.58134236922774,0.05703149471463588,6.805521202175214,0.0313819876307171,86.76040949509229,0.6781283865351213,93.3509582929692,-0.9436655268086866,0.01166797615289435
2022-03-30,1216.224609375,41.0740475058667,23.51692988263835,0.06801081780492717,8.271643031807116,0.0337717615556011,84.79002218242513,-1.9703873126671567,92.43184938190912,-0.9191089110600785,0.026524998137129777
2022-03-31,1198.8428955078125,40.525787594073336,25.972071272402218,0.04954377007703948,5.939519677353019,0.0338040853775981,76.4564358539528,-8.333586328472336,81.42540382552316,-11.006445556385955,0.015599210236209386
2022-04-01,1208.443603515625,40.5801253222337,28.520191897475115,0.051904407966367215,6.272354980121918,0.0335804874999357,77.16398851482518,0.7075526608723806,81.4507749057742,0.025371080251034073,0.016247135166746907
2022-04-04,1212.0155029296875,40.26778272334036,30.828790481251644,0.0497259235133806,6.026859019571248,0.0332238181986987,76.57654929335484,-0.5874392214703335,83.69739003339897,2.2466151276247786,0.012520155600541058
2022-04-05,1194.88427734375,36.98388898610415,31.849735549158595,0.03281973556139221,3.9215786008885516,0.0309518584245831,79.6454167918512,3.0688674984963598,72.64384793013919,-11.053542103259787,0.01873537856633058
2022-04-06,1191.6993408203125,33.496570658998735,32.463283593715914,0.027486226258628104,3.2755317714045304,0.0281082396470415,76.30483274780944,-3.340584044041762,62.17431250067793,-10.46953542946126,0.01809808881354302
2022-04-07,1170.677734375,27.593678658953877,31.796769133343787,0.009111824655994962,1.066701024430131,0.0235706871743704,62.06163768865058,-14.243195059158865,37.47315158580781,-24.701160914870115,0.01515832224213717
2022-04-08,1190.1522216796875,25.419724493700414,32.10795363955958,0.023023409030401697,2.740136140817185,0.0213583809118341,68.2416337438996,6.1799960552490205,37.83833744394845,0.3651858581406344,0.024850476460913512
2022-04-11,1187.6724853515625,23.043433455106424,32.13710185212858,0.019075985239598164,2.2656022800044866,0.0194021784114038,61.35609472591288,-6.885539017986716,27.455853022016196,-10.38248442193225,0.021281923442512965
2022-04-12,1165.30859375,17.961031127509614,30.89192460437289,0.00022789998994695448,0.02655738168004973,0.0154131113628111,52.80742948852293,-8.548665237389955,-4.173372123042425,-31.62922514505862,0.018429978012507984
2022-04-13,1161.0313720703125,13.442908834350419,29.47310084444439,-0.00314113183360504,-0.3646952602625788,0.0115784199787639,46.24066890991352,-6.566760578609404,-40.74629715962917,-36.572925036586746,0.018458688568264072
2022-04-18,1157.482177734375,9.51064717215877,27.94529963268633,-0.005651881202295185,-0.6541951762330882,0.0082166683471314,42.56503850795207,-3.675630401961456,-56.92745975317539,-16.18116259354622,0.01493798256807327
2022-04-19,1201.595703125,12.330811004283532,28.79160808776919,0.02842551445290142,3.4155976025724613,0.0102620298759513,52.24108630584056,9.676047797888494,-7.138329951140535,49.78912980203486,0.04428582789804232
2022-04-20,1236.9273681640625,18.715270516889632,31.254578164325267,0.051070567611364324,6.3170582786167415,0.0151304522792378,59.6362173810606,7.395131075220036,44.59854015432706,51.736870105467595,0.031231081042949502
2022-04-21,1265.8890380859375,26.654496111162644,34.79153825152321,0.06616424572061426,8.375659337094703,0.0210559498575521,60.68311926884948,1.0469018877888843,73.98021612049077,29.381675966163705,0.020488160040676794
2022-04-22,1255.287109375,30.337442839794676,37.20877788362077,0.05297930656925427,6.650424060001342,0.024167732316553,62.50626813160182,1.8231488627523404,71.32751407368177,-2.6527020468089972,0.020951131253129248
2022-04-25,1226.2574462890625,28.51669299340574,37.686798622423794,0.02778192935191883,3.406779774006509,0.0232550620423988,53.63410381218439,-8.87216431941743,46.32183438405174,-25.00567968963003,0.03515765205395963
2022-04-26,1262.9541015625,31.471952016846444,39.86694045432796,0.05093718041041918,6.433132092136702,0.0249193157359479,59.15445930227711,5.520355490092719,64.16916159145202,17.847327207400284,0.031452095607234894
2022-04-27,1264.1827392578125,33.08706835670705,41.69254849334493,0.047145053106634666,5.959996237879977,0.0261726942863753,63.20902534014184,4.054566037864731,65.96493812343873,1.7957765319867036,0.026256660772636664
2022-04-28,1283.0657958984375,36.04023748200984,44.11460105075935,0.05560759186056277,7.134819910857004,0.0280891577012022,66.43205083508892,3.2230254949470734,73.99891130915907,8.033973185720342,0.023015466837961848
2022-04-29,1269.597412109375,35.63167560877105,45.376621409313884,0.04144464491259576,5.2618013926824005,0.0280653341515329,68.28732184332412,1.8552710082352064,67.03153396819798,-6.967377340961093,0.0282591314796946
2022-05-02,1265.13818359375,34.037406386070415,46.08663764089965,0.03460547992142424,4.378071401017905,0.0269041017238004,64.67754722472176,-3.6097746186023585,60.75860940647348,-6.272924561724494,0.01706560292121569
2022-05-04,1225.64306640625,27.03629343860871,44.500855608382835,0.0031787371203847816,0.3895997111528686,0.0220588637749836,56.49158893093879,-8.185958293782974,31.50662446119278,-29.251984945280704,0.04221038645253319
2022-05-05,1201.641357421875,18.388084246726066,41.71639131658753,-0.015210794611482047,-1.8277919884405947,0.0153024728494511,56.17698966648514,-0.3145992644536477,1.234600366398822,-30.272024094793956,0.03710851661284139
2022-05-06,1192.42724609375,10.691778598333258,38.65929770851608,-0.020959564392401535,-2.499275564775644,0.0089663991101832,55.24953963581529,-0.9274500306698528,-19.86670045553454,-21.101300821933364,0.024974749302230818
2022-05-09,1145.8568115234375,-1.0813587955881303,33.44390186910164,-0.056776243766701054,-6.505744565278974,0.0,48.30066224834688,-6.948877387468407,-57.53704600793641,-37.67034555240187,0.035778139048990236
2022-05-10,1125.9954833984375,-11.992006933045786,27.742635771639698,-0.06856056386615067,-7.719888525253737,0.0,38.10582662139848,-10.194835626948404,-75.89592597880245,-18.35887997086604,0.027721133626018253
2022-05-11,1114.4609375,-20.97898120007244,22.06775610968907,-0.07238186003427674,-8.06667555917943,0.0,29.17283405736596,-8.932992564032517,-82.11015833974321,-6.2142323609407555,0.025721718733800955
2022-05-12,1091.755859375,-29.891064552766466,15.85871188116812,-0.08607638189530033,-9.397439428799544,0.0,19.74226714468192,-9.43056691268404,-85.28215631133351,-3.171997971590301,0.027027551407820257
2022-05-13,1104.1322021484375,-33.96350141668927,11.018720516983194,-0.06718402623080327,-7.418004683141589,0.0,23.89598879830069,4.153721653618767,-80.80476900799573,4.477387303337778,0.025818016529285663
2022-05-16,1104.4051513671875,-36.12102907120948,6.766104327783296,-0.06083661460089464,-6.71882705569692,0.0,26.63584257712732,2.7398537788266317,-78.58852083474916,2.2162481732465693,0.026512024632179797
2022-05-17,1150.7935791015625,-30.825426213907576,5.425552211800323,-0.016431224820790197,-1.8908948020537082,0.0,29.26480962519007,2.628967048062748,-56.31649161438765,22.27202922036151,0.04266261272421579
2022-05-18,1154.979736328125,-25.908627260530466,4.451714276532357,-0.011588389688811694,-1.3384355267257888,0.0,30.029944223470423,0.7651345982803548,-43.45948294063543,12.857008673752219,0.024326778202434868
2022-05-19,1128.3614501953125,-25.404026639007043,2.209264517734482,-0.032229067760270354,-3.6366037636421424,0.0,22.487428349625176,-7.542515873845247,-49.14928891341954,-5.689805972784107,0.018730953351330116
2022-05-20,1194.1563720703125,-15.894288445474785,3.6439059143986015,0.022403708385023008,2.6753531125980317,0.0,38.68877470526458,16.2013463556394,-17.916587883399608,31.232701030019932,0.054258949267653685
2022-05-23,1186.1710205078125,-9.8977159189526,4.471198743674904,0.014384082165522451,1.7061981421343262,0.0,38.28396920684033,-0.4048054984242455,-3.254552031957576,14.662035851442031,0.02322684701913544
2022-05-24,1190.2432861328125,-4.923019334917626,5.3883588006858645,0.01614203758522236,1.921295186031557,0.0,44.130984121407344,5.847014914567012,14.670635739533417,17.925187771490993,0.015406036705596734
2022-05-25,1188.491455078125,-1.536140589045317,6.0796753956017255,0.013356213979586778,1.5873746186930475,0.0,47.64618789243312,3.5152037710257744,36.81764994181656,22.147014202283145,0.021133282261318893
2022-05-26,1177.16162109375,-0.5981006739721124,6.076147044748268,0.003509143690239666,0.4130829275054566,0.0,47.28801797347351,-0.3581699189596108,43.46251214792961,6.6448622061130465,0.033589760682348285
2022-05-27,1171.701416015625,-0.6397539124827745,5.769146807183915,-0.0010314261302571618,-0.12085234573373782,0.0,55.37673102758216,8.088713054108652,43.27866615988287,-0.18384598804674113,0.02526110786980342
2022-05-30,1212.51611328125,4.703224325722886,7.590283724621031,0.02969495593386534,3.6005612552987714,0.0038788963496701,66.55638065027014,11.179649622687982,68.73215995223154,25.453493792348674,0.029945920224216306
2022-05-31,1197.88720703125,6.465105606257566,8.397660268017034,0.016223037738682514,1.9433369366354327,0.0053970904508448,65.77740594428778,-0.778974705982364,69.42812497899038,0.6959650267588415,0.023968217064700256
2022-06-01,1198.2742919921875,7.6311013932991045,9.092927023088123,0.015037120435117297,1.8018594842990296,0.0063684095071521,72.00182550308494,6.224419558797166,67.6610510363684,-1.7670739426219768,0.014809222930611859
2022-06-02,1239.5892333984375,13.726573520446209,11.803494147365882,0.04351407462657744,5.393957840839903,0.0110734855955578,74.99153183669057,2.989706333605625,81.9566582964227,14.295607260054297,0.03613774911750627
2022-06-03,1264.705810546875,21.057335184983003,15.427293861993576,0.05682683808760419,7.18692323243954,0.0166499869055532,77.09158982158353,2.100057984892956,81.05662999380971,-0.9000283026129949,0.027109220269587845
2022-06-06,1259.2685546875,25.10131821504001,18.256396985918855,0.04795855947683991,6.0392705877297885,0.019933252618437,71.27808797070293,-5.8135018508805985,76.29464678587367,-4.761983207936041,0.02247477735391422
2022-06-07,1261.6346435546875,27.764301355922953,20.784675620320968,0.04522184775059899,5.705344976770903,0.0220066098357099,71.07152796836994,-0.2065600023329921,75.44656988075255,-0.8480769051211183,0.014083425445618563
2022-06-08,1239.4757080078125,26.176564538150842,21.77340654502177,0.0255933096956716,3.1722285655305313,0.0211190621720404,72.34630178633329,1.27477381796335,59.01815451832773,-16.428415362424822,0.023751374220983487
2022-06-09,1273.4649658203125,28.988338732516013,24.316400870468897,0.046909627192165244,5.973776678891454,0.0227633578547981,68.28961103160009,-4.0566907547331965,71.5566019728826,12.538447454554877,0.03322908016115342
2022-06-10,1235.0164794921875,25.342047761555477,24.4633319118459,0.015670957958349087,1.9353891327989459,0.0205196029222019,59.87669374553238,-8.41291728606771,49.67704436898613,-21.879557603896473,0.03256888458542953
2022-06-13,1211.6513671875,19.18375560548202,23.296631893334734,-0.0030095823130498432,-0.36465645242697065,0.0158327354922328,54.01548264784876,-5.861211097683615,19.86984813178022,-29.80719623720591,0.021217443232730806
2022-06-14,1195.8170166015625,12.362598840297096,21.376003658308946,-0.014809893638904694,-1.7709922827461924,0.0103382028091813,51.30509821456145,-2.7103844332873166,-7.979454864676111,-27.84930299645633,0.022221434946635494
2022-06-15,1181.34765625,5.389792215915122,18.874272298817687,-0.024763153881368336,-2.925389379911394,0.0045624098777356,50.73752009834748,-0.5675781162139657,-33.56062440391583,-25.58116953923972,0.020375139994146318
2022-06-16,1164.830810546875,-1.8182385141785744,15.768059400174934,-0.03572172268032417,-4.160976318384883,0.0,48.83488987717946,-1.9026302211680246,-63.61081363468058,-30.05018923076475,0.04103518439552687
2022-06-17,1178.4810791015625,-5.085634300716038,13.704382660335568,-0.021568205753059382,-2.541772239015245,0.0,43.64267170361303,-5.192218173566424,-68.06930881630944,-4.458495181628862,0.026544329927650545
2022-06-20,1157.118408203125,-10.098373271785704,10.748718090110287,-0.036753049610880224,-4.252763026235243,0.0,42.57174961499556,-1.070922088617472,-77.0655548993976,-8.996246083088153,0.03775002413079257
2022-06-21,1175.7965087890625,-10.986046744655141,9.094336345727697,-0.018439747399192123,-2.168139061492411,0.0,46.16037760241815,3.5886279874225906,-67.02121228690935,10.04434261248825,0.02519247213716666
2022-06-22,1140.0780029296875,-16.082063166709986,5.770499630289578,-0.045770310394069764,-5.21817240675432,0.0,32.670300422615455,-13.490077179802697,-82.73578229801333,-15.714570011103987,0.022868799225731835
2022-06-23,1121.5819091796875,-21.789196923886493,1.8906284920099097,-0.05728744474784325,-6.425256165231076,0.0,24.486929804137475,-8.18337061847798,-86.279905384449,-3.544123086435661,0.03245507085197694
2022-06-24,1137.5528564453125,-23.287163132991736,-0.6793548306966386,-0.03858491187154776,-4.389237671517094,0.0,29.08844806606497,4.601518261927495,-77.49079866828056,8.789106716168433,0.017199646286077865
2022-06-27,1134.185791015625,-24.31802332448001,-3.0957149303856113,-0.03788015117357966,-4.296312922259403,0.0,28.17850942846502,-0.9099386375999501,-75.40300618005088,2.087792488229681,0.025434835827728108
2022-06-28,1150.1339111328125,-22.461443579346223,-4.370812141773058,-0.02135325195528525,-2.4559099186737967,0.0,34.370705023238244,6.192195594773224,-64.51670754898481,10.886298631066069,0.020512672401767844
2022-06-29,1173.999267578125,-17.56110920452693,-4.235269668301271,-0.0005372023960265775,-0.06306752194768706,0.0,31.960674139890717,-2.4100308833475275,-43.38949736301678,21.127210185968032,0.03720721814229527
2022-06-30,1181.0518798828125,-12.815355824654716,-3.7372088694178274,0.0049431567929925915,0.5838124622916894,0.0,38.95505249671709,6.99437835682637,-13.565721937248664,29.823775425768115,0.019224443327573594
2022-07-01,1095.9874267578125,-20.370956252782435,-7.686130315822766,-0.06571602305234023,-7.202393500189146,0.0,31.100339129910964,-7.8547133668061235,-43.41283211064493,-29.847110173396263,0.09424163168831595
2022-07-04,1098.2623291015625,-25.00304096989953,-10.99027840876056,-0.05773503272143773,-6.340821150740339,0.0,33.32029570509637,2.2199565751854067,-55.06864198947158,-11.655809878826652,0.0314454946439825
2022-07-05,1107.157958984375,-26.605027432342695,-13.377228038208614,-0.04476045354129003,-4.955689238599007,0.0,37.068728536960045,3.748432831863674,-54.32646092517236,0.742181064299217,0.01964450888510386
2022-07-06,1097.4207763671875,-28.47888977102707,-15.917743471812173,-0.049118538403092084,-5.390370454834283,0.0,37.96601423185094,0.8972856948908969,-58.82896291308863,-4.502501987916268,0.02236864154724292
2022-07-07,1086.6142578125,-30.647549623317673,-18.6386099844824,-0.05413832473230814,-5.882747554821208,0.0,33.43178630948843,-4.534227922362511,-69.70505139061008,-10.87608847752145,0.024391737822157554
2022-07-08,1088.1158447265625,-31.3646249822159,-20.87105445994007,-0.04789420581037193,-5.2114444212859325,0.0,36.59504475598703,3.1632584464986024,-74.2059694787532,-4.500918088143123,0.014824006743544204
2022-07-11,1102.9036865234375,-29.296181364024733,-21.98212089834442,-0.030767215068967266,-3.393327492362232,0.0,35.621969753881885,-0.9730750021051477,-63.77161151201776,10.43435796673544,0.024258351845459828
2022-07-12,1101.3338623046875,-27.44794195839154,-22.955353011295074,-0.029305867893087454,-3.227554467488517,0.0,41.167942440469766,5.545972686587881,-59.81270258328648,3.958908928731283,0.014749361501749316
2022-07-13,1081.8138427734375,-28.14983702500922,-24.73263214806775,-0.043525858783906406,-4.708687655103176,0.0,40.97665308003629,-0.19128936043347267,-74.85242471621582,-15.039722132929342,0.02565666371588602
2022-07-14,1090.7320556640625,-26.906364429403766,-25.735793179965185,-0.03181238230382685,-3.4698785145826605,0.0,39.02513977670064,-1.951513303335652,-74.61277862199313,0.23964609422269234,0.023778283710967945
2022-07-15,1092.847900390625,-25.205740267823103,-26.410869511871397,-0.02710427948483388,-2.962085492660208,0.0,40.25316892895382,1.2280291522531783,-72.64088009264819,1.9718985293449407,0.013281666683369525
2022-07-18,1102.1529541015625,-22.272196125515393,-26.425342071573823,-0.016757120803721142,-1.8468910196058914,0.0,38.320972687727306,-1.9321962412265137,-63.50645344255681,9.134426650091378,0.013499862135990935
2022-07-19,1108.909912109375,-18.860752324362466,-25.99448483072615,-0.009601527721749974,-1.0647229262040128,0.0,32.7171906278199,-5.603782059907402,-53.01883454099075,10.487618901566059,0.0191621904601585
2022-07-20,1138.89501953125,-12.130156695939831,-23.975452508246462,0.015435917213377623,1.757988923621042,0.0,40.02153171015291,7.3043410823330035,-17.586028889723266,35.432805651267486,0.022473020307395522
2022-07-21,1131.2962646484375,-8.12391231306242,-22.519279867551177,0.008020673970766293,0.9073758503091085,0.0,63.19725296384979,23.175721253696885,5.290012303305578,22.876041193028843,0.013152091093757909
2022-07-22,1138.940673828125,-4.123283517471464,-20.77195184636298,0.013344272099781805,1.51983342570702,0.0,64.6174658444597,1.4202128806099097,27.535620852950466,22.24560854964489,0.0085094561195078
2022-07-25,1101.31103515625,-6.152523113512643,-21.116915995042973,-0.01851619957631276,-2.0392094922549404,0.0,48.25856863634777,-16.358897208111934,-5.338349059341652,-32.87396991229212,0.026627820313029394
2022-07-26,1101.8115234375,-7.397324909872395,-21.31706651323657,-0.01641231588175788,-1.8083278764815987,0.0,51.38386910858192,3.1253004722341515,-22.379659562651817,-17.041310503310164,0.013442109054119392
2022-07-27,1100.7652587890625,-8.265435176085703,-21.469974348696724,-0.015798549121345557,-1.7390494012049658,0.0,54.75248539510096,3.3686162865190425,-32.538334028825204,-10.158674466173387,0.010333976088459547
2022-07-28,1118.0101318359375,-6.4477937485442,-20.635542213792633,-0.00011840920922245598,-0.0132382695612705,0.0,59.079604387977405,4.327118992876443,-15.882436392772822,16.65589763605238,0.019107838682427974
2022-07-29,1141.829833984375,-1.9044946035476187,-18.601827075048732,0.018859138318494117,2.1533926775296095,0.0,61.20788734295292,2.128282954975518,22.100823221119605,37.98325961389243,0.021159993477557086
2022-08-01,1171.5877685546875,5.2540213436338945,-15.22089271734194,0.03979980511162742,4.662896485963984,0.0,67.4030843664953,6.195197023542384,58.72741845886207,36.626595237742464,0.031128065708595994
2022-08-02,1176.0467529296875,10.794979631416027,-11.983084931983285,0.039491278809804735,4.644359021331184,0.0,75.22534180325727,7.822257436761959,70.27877400796186,11.551355549099789,0.017894099653637006
2022-08-03,1185.920654296875,15.791321436015096,-8.601917152414444,0.04317128589769828,5.119771961863535,0.0,75.35145833834542,0.12611653508815834,83.98066450694357,13.701890498981712,0.016325430422067733
2022-08-04,1170.245361328125,16.946699969916153,-6.428311893591172,0.02759516611081451,3.229311513626044,0.0,69.22465840483,-6.126799933515429,71.48695058963143,-12.493713917312135,0.03217463707437221
2022-08-05,1153.0003662109375,15.156782403348188,-5.3983326739619315,0.011864791642004368,1.3680109108247507,0.0,62.15065644850392,-7.074001956326072,47.504513047512106,-23.982437542119328,0.02046167366227557
2022-08-08,1168.0841064453125,15.565679661736567,-3.6997320504981417,0.022386191031581258,2.6148953947838436,0.0,63.599256011244,1.4485995627400783,50.272241890174826,2.76772884266272,0.02047018438425525
2022-08-10,1175.0684814453125,16.45748091187511,-1.841869938914897,0.02563357677447912,3.012120813439651,0.0,59.296062459571495,-4.303193551672507,58.75642074085533,8.484178850680507,0.012720239235914916
2022-08-11,1178.9815673828125,17.269412658071133,-0.01029121032047442,0.02624321549553401,3.0940267338094145,0.0,62.49106269225604,3.195000232684542,67.00581069371387,8.249389952858536,0.011462311388504972
2022-08-12,1198.046630859375,19.99812197234337,2.5750581662425702,0.03794459287204485,4.545939164968104,0.0166922734534952,64.60861148858214,2.117548796326105,80.67310459165574,13.667293897941875,0.02246478092915707
2022-08-16,1206.3734130859375,22.616925780420843,5.254465942987281,0.04053182967668357,4.889652170567842,0.018747864910721,80.365641884335,15.757030395752864,88.40244080609061,7.729336214434866,0.011315184423199797
2022-08-17,1212.6754150390625,24.839233259159528,7.901808073752818,0.04137997310009059,5.018047605346055,0.0204830022536241,81.00272751168325,0.6370856273482417,90.02537781221497,1.62293700612436,0.008010810763601297
2022-08-18,1214.87451171875,26.197529358446673,10.299611695211752,0.03919564772694182,4.761779339376517,0.0215639797409062,81.70585198646813,0.7031244747848859,91.99761700788925,1.9722391956742769,0.010821731403475726
2022-08-19,1193.213623046875,23.78433860590917,11.237506133072884,0.019776162168310716,2.359718611081007,0.0199330096024011,70.39517984539752,-11.310672141070611,72.14129130385845,-19.856325704030795,0.021711326086914597
2022-08-22,1189.904052734375,21.162960384172493,11.845555550583413,0.015499810297303296,1.8443287089373825,0.0177854343260201,64.66968038584346,-5.725499459554058,52.96012287711896,-19.18116842673949,0.017378912782132976
2022-08-23,1208.2552490234375,21.291679126272356,13.283056077966421,0.027684158931707115,3.3449530344034883,0.0176218387161828,62.026148605690615,-2.6435317801528484,60.41806904648909,7.457946169370125,0.02336788750523416
2022-08-24,1205.0369873046875,20.52995742274402,14.3249091197099,0.022806745159750088,2.748297147753192,0.0170367861227759,59.58619453652141,-2.439954069169204,60.22711013771609,-0.19095890877299837,0.013126241500879566
2022-08-25,1201.52197265625,19.11505212454108,15.00213326839048,0.01813454282042217,2.1789051662806287,0.0159090325100609,55.38535958860818,-4.200834947913229,55.231667581775945,-4.995442555940144,0.015311213852710049
2022-08-26,1195.1080322265625,16.88621676384105,15.20860616296477,0.011695489839738518,1.3977373848297248,0.0141294479733193,59.168462021162526,3.783102432554344,43.48186414518543,-11.749803436590511,0.016424743382960016
2022-08-29,1185.818359375,13.749280846195006,14.854513459435339,0.003593759808974912,0.42615463606671256,0.0115947613203102,62.85642144405858,3.687959422896057,23.09581448652008,-20.386049658665353,0.02962296041633692
2022-08-30,1204.2152099609375,13.669230156190679,15.443273201581178,0.017105366639073794,2.059854267872879,0.0113511522218973,63.7962054911495,0.9397840470909173,33.812756958327704,10.716942471807624,0.026024032164279492
2022-09-01,1168.81396484375,8.687834245725071,14.072452557820043,-0.01151338247278521,-1.3457002216778164,0.0074330342612618,48.037646907427735,-15.758558583721765,-21.109985722726783,-54.92274268105449,0.021188105412627133
2022-09-02,1155.1646728515625,3.197792042466972,12.119375038511635,-0.021332097685851946,-2.4642085644513827,0.0027682564379095,42.95770174220254,-5.0799451652251975,-59.43725498567033,-38.327269262943545,0.019620616035100593
2022-09-05,1173.10498046875,1.6071401304516257,11.297667705820231,-0.005193504060441257,-0.6092525479389224,0.0013699883277362,42.57574612439719,-0.38195561780534604,-48.852378514339954,10.584876471330375,0.019651372156152463
2022-09-06,1185.4532470703125,2.0714588346768323,11.178002470553338,0.0047973527406915024,0.5687037383797815,0.0017473981701061,43.91840100838332,1.3426548839861283,-24.772336093778115,24.08004242056184,0.013092824080015796
2022-09-07,1178.5601806640625,1.4527672017998157,10.67730568623324,-0.0009302791986372968,-0.10963900204160382,0.0012326627232405,40.11649208179201,-3.8019089265913095,-23.53454946623957,1.2377866275385436,0.00964461029522719
2022-09-08,1180.2261962890625,1.204729367658956,10.28803370305286,0.00043876458626565334,0.05178414587135194,0.0010207614196727,39.930952426562456,-0.1855396552295545,-20.38407768945976,3.15047177677981,0.010443219928015826
2022-09-09,1172.8768310546875,0.03994295177949425,9.531436678166301,-0.0052950795814650405,-0.6210476159692462,3.405553824741879e-05,43.55378289970075,3.6228304731382934,-29.99443170770021,-9.610354018240447,0.01790371825311777
2022-09-12,1186.0009765625,0.9389223112382297,9.51504595477195,0.0052994509085940895,0.6285153952837845,0.0007916707741334,48.83529648323212,5.281513583531371,-14.8451372773386,15.149294430361609,0.015954360553460327
2022-09-13,1195.906982421875,2.856384803274068,9.978883073398038,0.012308010914956025,1.4719236192920562,0.0023884673684982,46.11961722855119,-2.7156792546809285,7.764173600130858,22.609310877469458,0.010955202638384287
2022-09-14,1181.572998046875,2.2722212473238415,9.607469303531616,0.0002964090462130985,0.03502289253833624,0.0019230477093499,43.10803649477484,-3.0115807337763556,-0.2491769040881115,-8.01335050421897,0.014391346899550546
2022-09-15,1169.8638916015625,0.2757134170187783,8.643526749600142,-0.008826883507540996,-1.032625229084715,0.0002356799102853,41.12827691333015,-1.9797595814446893,-20.609917696050363,-20.36074079196225,0.01826194829139252
2022-09-16,1140.8763427734375,-4.947974559961494,6.272300687315919,-0.03132663712894749,-3.573981919906373,0.0,36.50918587349307,-4.61909103983708,-58.66888936014853,-38.058971664098166,0.024807979940079418
2022-09-19,1142.3599853515625,-8.346710476658473,4.25550971204234,-0.027261090326727293,-3.1141978746313725,0.0,38.75235924612806,2.243173372634992,-66.81861750406233,-8.149728143913798,0.016523797881759967
2022-09-20,1142.54248046875,-10.557272665467508,2.4882258637189807,-0.02463364434890441,-2.8144985117380656,0.0,32.37665089288268,-6.375708353245379,-68.85921998946408,-2.040602485401749,0.01718051156955516
2022-09-21,1145.6923828125,-11.493394659577689,1.0985674511750858,-0.019833249188322948,-2.272280252148448,0.0,41.89984844182459,9.523197548941909,-65.3352888292678,3.523931160196284,0.015140944005392686
2022-09-22,1134.896240234375,-13.340784596791991,-0.6772220172999823,-0.026849827492668902,-3.0471768272373083,0.0,42.75454589091608,0.8546974490914891,-73.98090786320564,-8.645619033937848,0.012429026767412454
2022-09-23,1113.62353515625,-17.170894621307298,-3.32551228964212,-0.04224087300025761,-4.704043031863421,0.0,29.231685923107207,-13.52285996780887,-86.51560396079356,-12.534696097587911,0.024533682323895512
2022-09-26,1085.2523193359375,-23.25767965299974,-7.093384781009718,-0.06317060164077366,-6.85560419444937,0.0,18.534868066980792,-10.696817856126415,-93.50148697557285,-6.98588301477929,0.01794015793587426
2022-09-27,1093.8800048828125,-25.958686529798342,-9.913113605161016,-0.04980466207870196,-5.4480323997838696,0.0,23.695267044041188,5.160398977060396,-82.17813674552933,11.323350230043516,0.027501305567473947
2022-09-28,1064.7554931640625,-31.168502294041446,-13.846182654122686,-0.0713820183074438,-7.600439610598869,0.0,19.357910858528925,-4.337356185512263,-90.11751203018792,-7.939375284658595,0.021822560839802205
2022-09-29,1061.4915771484375,-34.65113872951656,-17.400844032262057,-0.06788758712746931,-7.206210192874096,0.0,19.78694829860613,0.4290374400772059,-91.2547259724462,-1.1372139422582705,0.023437827926031447
2022-09-30,1085.4349365234375,-33.26950843809482,-19.20587962111881,-0.04030118244820819,-4.374431141249033,0.0,24.23394948479596,4.44700118618983,-74.02806707005963,17.22665890238656,0.03827145002223748
2022-10-03,1081.6688232421875,-32.115026977292246,-20.90868347932519,-0.03993023950405289,-4.319129517612737,0.0,19.780236103459785,-4.453713381336176,-67.53119137271715,6.496875697342489,0.022768433832528686
2022-10-04,1101.61767578125,-28.030392237710885,-21.290216099520876,-0.019180423272927304,-2.112949330642323,0.0,29.459365548869584,9.6791294454098,-49.15310870804589,18.378082664671254,0.011540704301923874
2022-10-06,1105.6802978515625,-24.04252048861781,-21.337550344900137,-0.014032390300813654,-1.5515337487372562,-0.021744549971031,32.83684109506406,3.377475546194475,-30.78088226711597,18.37222644092992,0.013149711472318455
2022-10-07,1110.359619140625,-20.12264937577379,-21.06093423467405,-0.008871831834329652,-0.9850923816645718,-0.0181226415558483,40.62019506038137,7.7833539653173105,-13.505099876168943,17.27578239094703,0.01202543476835353
2022-10-10,1098.2396240234375,-18.536019677519107,-21.370766847719096,-0.018186889482231117,-1.9973562667121314,-0.0168779374483066,37.27117385785908,-3.3490212025222874,-14.870207098888896,-1.3651072227199528,0.012303603674127361
2022-10-11,1076.3734130859375,-19.91101587908156,-22.69553790633654,-0.03533732565293888,-3.8036157822382393,-0.0184982420013489,33.0329245595441,-4.238249298314983,-35.58650966963936,-20.716302570750464,0.026676263241096163
2022-10-12,1084.2935791015625,-19.440970870475894,-23.362314962409073,-0.025249780038783545,-2.7378174369782755,-0.017929619104251,34.63207404777516,1.5991494882310633,-34.4422154070045,1.1442942626348653,0.01625098581429652
2022-10-13,1087.7401123046875,-18.263293860537033,-23.68325375859422,-0.02000113554526871,-2.175603742422936,-0.0167901262939003,37.74613021166071,3.11405616388555,-28.795563919863227,5.64665148714127,0.014226896362629035
2022-10-14,1082.2164306640625,-17.786969445499835,-24.164680265175093,-0.022915697730811438,-2.4799744604415537,-0.0164356860065278,41.11107195593247,3.3649417442717606,-22.732961521299465,6.062602398563762,0.01993085999684919
2022-10-17,1099.5863037109375,-14.809949268196988,-23.6011211017792,-0.006142699909845923,-0.6754428688673215,-0.0134686556373207,54.32625210926159,13.215180153329115,5.921449944745564,28.65441146604503,0.029226700470958496
2022-10-18,1118.9873046875,-9.858188423319007,-22.021842562407073,0.010274364910058068,1.1496883898078067,-0.0088099198105489,57.11512316958001,2.788871060318421,45.00836430278432,39.086914358038754,0.01748087774402924
2022-10-19,1138.4569091796875,-3.6011733285058654,-19.557477678822806,0.024727640418421425,2.815135308206436,-0.0031632056509724,72.09523433108488,14.980111161504873,58.897265840054025,13.888901537269703,0.034544365964519326
2022-10-20,1141.5155029296875,1.2973632577966328,-17.177169359635855,0.024855272543755056,2.837267893823764,0.0,74.02025516821902,1.9250208371341415,67.51831985528159,8.621054015227564,0.013596670539894839
2022-10-21,1128.2769775390625,2.996373403730331,-15.721218951804985,0.012194099215717857,1.3758321406924097,0.0,63.74277936496003,-10.277475803258994,53.90577268587634,-13.612547169405246,0.02014886966140407
2022-10-24,1132.043212890625,4.631717070177274,-14.198796557980813,0.014073151142618933,1.5931415234983888,0.0,66.15897758393982,2.416198218979787,51.03447165226655,-2.8713010336097966,0.01903334248144917
2022-10-25,1114.559326171875,3.3985867183305345,-13.722233543281163,-0.001266274194089235,-0.1411337712513614,0.0,54.218097499490725,-11.940880084449091,29.04506585105469,-21.989405801211856,0.02498412877253106
2022-10-27,1118.941650390625,3.0334747665913255,-13.030526330031762,0.002413795949868408,0.27008968238510533,0.0,54.31330961159289,0.09521211210216762,23.03965162295357,-6.00541422810112,0.014544233769591757
2022-10-28,1153.1790771484375,7.209856197870522,-10.61005759005161,0.02911975670611919,3.35802941651491,0.0,61.68117362865418,7.367864017061287,57.459076812453205,34.419425189499634,0.029907186939158403
2022-10-31,1163.8837890625,11.422868750159296,-7.904734161748138,0.03459030602022191,4.025909643564773,0.0,68.04712360616941,6.365949977515228,74.66563892645428,17.206562114001073,0.011276336272251036
2022-11-01,1154.867919921875,12.987099480783627,-5.979675796125775,0.024594097224977195,2.840293390456509,0.0,73.22069422265942,5.173570616490011,58.32289034214833,-16.34274858430595,0.03636570654746864
2022-11-02,1162.08056640625,14.777870758349309,-3.904088097740896,0.027861923940188764,3.2377800353583552,0.0,73.10812349552475,-0.11257072713466698,57.94473071041899,-0.3781596317293392,0.013827473340107302
2022-11-03,1166.4173583984375,16.315007564524194,-1.8530843255880427,0.028614888052031957,3.33769021325179,0.0,73.24961618820052,0.1414926926757687,61.57322648998325,3.628495779564261,0.013502150151495784
2022-11-04,1183.5816650390625,19.326174712315606,0.8322328037952502,0.038819926657628546,4.594655343012846,0.0,78.0259420462032,4.776325858002679,78.17170585221747,16.598479362234222,0.018860215413569695
2022-11-07,1189.904052734375,21.895067550294016,3.501555746672693,0.03993365607567645,4.751721920494674,0.0,76.5962234579839,-1.429718588219302,85.86601159785631,7.694305745638843,0.013926185614756415
2022-11-09,1188.7171630859375,23.113277632396603,5.759212307656526,0.03543187792937146,4.211848141500923,0.0,73.00097846176148,-3.5952449962224193,83.6347532512649,-2.2312583465914173,0.012250449480431047
2022-11-10,1174.337646484375,21.619484043124658,6.967282376857156,0.02147358625093084,2.5217240739498266,0.0184099386644438,62.24681199986333,-10.754166461898144,66.41357747792811,-17.221175773336782,0.013041751310020758
2022-11-11,1201.4078369140625,23.68118057090919,9.396970953711843,0.039565272403848,4.753402833562177,0.0197111920226329,67.56355826024699,5.31674626038366,81.3579692470898,14.944391769161683,0.018238455221365784
2022-11-14,1195.5875244140625,23.89625464467781,11.184786280363141,0.031717928697149025,3.7921559850565245,0.0199870391390952,70.63683588077666,3.073277620529666,79.67250729377123,-1.6854619533185655,0.01407005212693954
2022-11-15,1190.2236328125,22.861225200780154,12.429183929299143,0.024867494990354937,2.959788022636758,0.0192075040106194,67.66456546297147,-2.9722704178051913,73.17964125079054,-6.492866042980694,0.013960793639070879
2022-11-16,1183.3990478515625,20.771385645562077,13.118994118697856,0.017494517790453547,2.0702995695844493,0.0175523089048213,72.34738818479457,4.682822721823101,62.80094944005671,-10.378691810733827,0.013346963713449303
2022-11-17,1186.45751953125,19.275714854446505,13.83283490885674,0.01820658019537963,2.160133397775553,0.0162464433299405,72.10764712183689,-0.23974106295767683,58.19466630746034,-4.606283132596374,0.012696944611970875
2022-11-18,1185.818359375,17.744831348201387,14.373976928159664,0.016070354709265103,1.905652165591846,0.0149642069613039,63.70250034591791,-8.405146775918979,48.27060450410418,-9.92406180335616,0.014590110901542282
2022-11-21,1164.477294921875,13.50154502472492,13.692195763206655,-0.0017835101615373266,-0.20768570883728898,0.0115945111884991,50.22873584632263,-13.473764499595283,10.47398832684231,-37.79661617726187,0.017601605151415973
2022-11-22,1170.9366455078125,11.07668063002211,13.381792919425834,0.0034024769940121675,0.39840849977872494,0.0094596754423192,56.31733782532118,6.088601978998554,-4.074684113360196,-14.548672440202505,0.012475347888025701
2022-11-23,1167.28466796875,8.65880611591001,12.874184491753113,0.000258648022930294,0.030191587156650712,0.0074179044354087,52.104897273192286,-4.212440552128896,-22.962268590019875,-18.88758447665968,0.01003113621317458
2022-11-24,1177.3504638671875,8.096043676112458,12.905256831345923,0.00800542642776681,0.9425192518185668,0.0068764942339426,54.22624002234768,2.121342749155396,-21.27806983035495,1.6841987596649233,0.017758154067616234
2022-11-25,1194.925537109375,9.842412302479943,13.794903991348065,0.020541611492521993,2.454569614579441,0.0082368415410131,54.37114234188129,0.14490231953360677,14.369620363102747,35.6476901934577,0.016350859266403072
2022-11-28,1235.987548828125,16.270363126566053,16.64541315402562,0.048255640473480924,5.964337078595008,0.0131638568220142,64.0072871910179,9.636144849136606,63.01875626616776,48.649135903065016,0.08090340714926726
2022-11-29,1238.110107421875,20.765404471531838,19.185543033923523,0.04535206081756227,5.61508448906352,0.0167718560304557,64.92829656849182,0.9210093774739221,74.68061289345927,11.661856627291506,0.013881735687032278
2022-11-30,1246.85205078125,24.67214536927395,21.787697958172885,0.047313908515995956,5.899344386364419,0.0197875484535754,72.68962577498831,7.761329206496498,82.26692989370659,7.58631700024732,0.017299170262711317
2022-12-01,1243.17724609375,26.453510128525295,23.792887229168173,0.04045253573963994,5.0289671978314345,0.0212789529503103,65.31125463913006,-7.378371135858259,78.35154323855164,-3.915386655154947,0.014320796804421578
2022-12-02,1242.6522216796875,27.109704022542928,25.43233689106023,0.036406476329815925,4.524058869477358,0.0218160025384243,67.94914051719803,2.6378858780679764,76.11964058635293,-2.2319026521987126,0.017412731317419383
2022-12-05,1224.5294189453125,24.646246739605886,25.83680102875769,0.020132250242305864,2.465253269127288,0.0201271168812209,61.92294018271775,-6.026200334480279,59.10997318047821,-17.009667405874723,0.014445699599498481
2022-12-06,1228.067138671875,22.871053337186822,26.280843270263176,0.02086816053538175,2.56275021980332,0.0186236180555415,65.88732499546288,3.9643848127451236,53.90031712020483,-5.209656060273375,0.013381920494665687
2022-12-07,1209.9443359375,18.774062626170917,25.63816543158282,0.0056386511802490715,0.6822454057869436,0.0155164680461305,57.5451365468777,-8.342188448585176,35.5720212437243,-18.32829587648053,0.019939627751035933
2022-12-08,1209.3736572265625,15.42298890631605,24.955922732056933,0.004699483984634263,0.568343213357366,0.0127528732035435,57.57046715508306,0.025330608205358374,25.968225195673423,-9.603796048050878,0.00939887609262672
2022-12-09,1191.0452880859375,10.335211764592941,23.323599250221378,-0.009651519882682171,-1.1495397279138615,0.0086774297064741,58.7073394576161,1.1368723025330425,5.295245587323077,-20.672979608350346,0.022287451689130485
2022-12-12,1192.871337890625,6.768785744503248,21.90910680768343,-0.007369039398169001,-0.8790315885862583,0.00567436363797,57.41399527818832,-1.293344179427784,-3.443745811500705,-8.738991398823782,0.014542109744174142
2022-12-13,1198.3037109375,4.823669145655913,20.876342650642982,-0.002547497166459005,-0.305267530816991,0.0040254145102178,60.35984762004162,2.9458523418533034,-3.105140473421434,0.33860533807927107,0.010019051615094608
2022-12-14,1193.9669189453125,2.7814085788977536,19.675675823504662,-0.00562636823448502,-0.6717697545782357,0.0023295524647822,55.77044382420669,-4.589403795834933,-6.691382823006308,-3.5862423495848743,0.010686297383228356
2022-12-15,1177.008056640625,-0.9457254291005484,17.68015870446584,-0.018287169061561057,-2.1524145318608134,0.0,43.75100048704561,-12.019443337161078,-23.16890916420468,-16.477526341198374,0.01706510656279155
2022-12-16,1171.187744140625,-4.326250602854998,15.573291024897571,-0.02122511795506823,-2.485859801691504,0.0,20.03368980093211,-23.7173106861135,-53.47836066413175,-30.309451499927068,0.023639716753110735
2022-12-19,1186.5716552734375,-4.609012382961282,14.47279490691767,-0.007259023654020829,-0.8613351712820077,0.0,28.77022019077502,8.736530389842912,-55.67818485061595,-2.1998241864842,0.014350054966296112
2022-12-20,1196.843017578125,-3.3670688464017076,13.99094253474641,0.0012593818354662571,0.15072823562445592,0.0,29.656547759744317,0.8863275689692962,-45.85483342219258,9.823351428423372,0.022884999437549982
2022-12-21,1179.8155517578125,-4.656835214200328,12.63998699780791,-0.011958867361586705,-1.4109257694610733,0.0,26.75048083857172,-2.9060669211725987,-58.57837715590334,-12.723543733710763,0.022015810495121316
2022-12-22,1176.7569580078125,-5.876347275487888,11.256836541755092,-0.013262838660702846,-1.5607137676918228,0.0,26.26218741040286,-0.4882934281688591,-66.00405259352956,-7.425675437626225,0.01470246001086851
2022-12-23,1142.245849609375,-11.15167615345672,8.224609197541668,-0.03988812207307855,-4.5562041886685165,0.0,23.488795213040007,-2.7733921973628526,-78.99997292529196,-12.995920331762392,0.03926548816818565
2022-12-26,1152.22021484375,-13.346655154507289,6.062427334327822,-0.02807834205952561,-3.235243332028176,0.0,26.53585757271816,3.0470623596781543,-73.66428935729155,5.335683568000405,0.01965094881393018
2022-12-27,1161.64697265625,-13.391174025234477,4.6395788653776435,-0.017941357124390815,-2.0841523188896645,0.0,34.209013887536344,7.673156314818183,-57.59777707479882,16.06651228249273,0.013184228278958054
2022-12-28,1161.5328369140625,-13.167110768152497,3.374365239638337,-0.01640125739266093,-1.905059902825542,0.0,34.31144608891002,0.10243220137367359,-48.16266459091998,9.43511248387884,0.011122228499937227
2022-12-29,1161.0078125,-12.81162256462494,2.23010656744691,-0.015328080586191421,-1.7796021311198729,0.0,38.847509003411005,4.536062914500988,-40.09655395082341,8.066110640096568,0.009200624385284328
2022-12-30,1162.7880859375,-12.067673331658398,1.3147428725787904,-0.012521431007380892,-1.4559770794269298,0.0,38.82671483417934,-0.020794169231663773,-32.95158840083608,7.144965549987333,0.014093826548207228
2023-01-02,1175.8896484375,-9.577450044072975,1.1878045771588859,-0.001127354004386428,-0.13256439038832468,0.0,42.12383883930256,3.297124005123216,-10.032910850235483,22.9186775506006,0.011957017866778729
2023-01-03,1167.28466796875,-8.753149194321622,0.6278762215367806,-0.007734052015320758,-0.9027840338758324,0.0,40.89707806621473,-1.2267607730878254,-9.012390420896782,1.020520429338701,0.009855076961270779
2023-01-04,1149.7095947265625,-10.301316813283165,-0.7719415515848596,-0.02103528317298185,-2.4184466891767897,0.0,40.725844912773695,-0.17123315344103673,-35.3687212622065,-26.356330841309717,0.018681431899334043
2023-01-05,1147.6553955078125,-11.45761670767206,-2.098035318198299,-0.020784403507455744,-2.3853332827743543,0.0,41.79536178344492,1.0695168706712224,-52.05280595580531,-16.684084693598813,0.012887608297173793
2023-01-06,1158.0863037109375,-10.674020268795857,-2.7096102506648094,-0.010536524061374305,-1.2202204204197642,0.0,39.713197499625295,-2.0821642838196226,-44.33652103813765,7.7162849176676644,0.011687493959193562
2023-01-09,1185.4302978515625,-6.313699914381232,-1.8206203510728756,0.011612039614237415,1.376526357857074,0.0,46.33098629687565,6.6177887972503555,2.012875324317014,46.34939636245466,0.02258553341443356
2023-01-10,1167.9010009765625,-5.404922487484328,-1.94379917081028,-0.0029299131077369376,-0.3421848451300775,0.0,46.18197465185417,-0.14901164502148134,8.39446544542499,6.381590121107976,0.02345211647607428
2023-01-11,1153.1790771484375,-6.586344153220125,-2.8054851143854194,-0.014303362558942628,-1.6494338435843474,0.0,42.96995223279995,-3.2120224190542217,-14.619445269152036,-23.013910714577026,0.014607272171369073
2023-01-12,1128.2769775390625,-10.558608024098476,-4.835388912593771,-0.03335450979220915,-3.763312549565171,0.0,45.58183639130861,2.6118841585086656,-55.59680108387727,-40.97735581472523,0.02731025100525497
2023-01-13,1126.451171875,-13.393726494261045,-6.685532312869782,-0.03184492723286876,-3.5871755599741846,0.0,41.40665453041498,-4.17518186089363,-58.9414232272656,-3.344622143388335,0.01552112894970284
2023-01-16,1115.723388671875,-16.536474186821124,-8.832243390231724,-0.03796928299938254,-4.236321709351614,0.0,34.817351045334135,-6.589303485080848,-70.84549447505562,-11.904071247790014,0.021541677592679154
2023-01-17,1131.5638427734375,-16.344489204854426,-9.856932823710167,-0.021308212412353,-2.411160271995186,0.0,41.0252792148353,6.207928169501166,-55.90169046881046,14.94380400624516,0.013070770457418803
2023-01-18,1129.692138671875,-16.124329873267698,-10.81355203173598,-0.020909402846098702,-2.362118801956285,0.0,40.69702842189852,-0.32825079293677817,-51.211408162408944,4.690282306401514,0.012425678988382151
2023-01-19,1128.4825439453125,-15.801753292335434,-11.67307886763524,-0.020003356703412287,-2.257343886011313,0.0,39.77415380450484,-0.9228746173936813,-50.43035524120189,0.7810529212070563,0.009910817091095708
2023-01-20,1115.0615234375,-17.016797730230792,-13.075987221613786,-0.029345677436834642,-3.2722235789024126,0.0,31.9027294953724,-7.87142430913244,-66.55055279507079,-16.1201975538689,0.015454428996548872
2023-01-23,1109.4237060546875,-18.27246582284465,-14.546165159417342,-0.0314332345887694,-3.487277561075871,0.0,32.476111535449874,0.5733820400774725,-80.45746345888412,-13.906910663813335,0.016952640877108446
2023-01-24,1102.873046875,-19.651358794291127,-16.117045686005213,-0.034145061481027354,-3.7657667991315975,0.0,34.7999673564854,2.3238558210355293,-76.82360650306576,3.6338569558183593,0.023303444573793613
2023-01-25,1087.6259765625,-22.23147702131314,-18.219830722936877,-0.04422036405551751,-4.8095216639833325,0.0,32.055072453190974,-2.74489490329443,-87.94525984022772,-11.121653337161959,0.014564222373306544
2023-01-27,1066.9923095703125,-26.316153715730934,-21.058157549004363,-0.0585578759485128,-6.248080330183484,-0.0246638644718336,24.33435412333124,-7.720718329859732,-84.8052102512991,3.140049588928619,0.032387113551918895
2023-01-30,1077.218017578125,-27.329899746803676,-22.933591234295818,-0.044099366433063135,-4.750463208547444,-0.0253708156573994,16.256338772312745,-8.078015351018497,-72.0635437884892,12.741666462809903,0.03004555284456149
2023-01-31,1074.5245361328125,-27.84826016569832,-24.629146109943804,-0.04246961993868529,-4.5634648664354245,-0.0259168210955177,17.913805947611095,1.6574671752983505,-65.74105674233566,6.32248704615354,0.019818673621170776
2023-02-01,1068.156494140625,-28.488394053472803,-26.351493373082803,-0.04425865833654093,-4.7275173324128446,-0.0266706182190959,19.004906668280555,1.0911007206694592,-66.04317910101763,-0.3021223586819701,0.0320313416702822
2023-02-02,1062.2447509765625,-29.141780368321633,-28.067514271388973,-0.045518457227055324,-4.835174226199115,-0.0274341486192616,22.059206366915845,3.0542996986352904,-68.91934097133063,-2.8761618703129983,0.015900591125692143
2023-02-03,1063.1806640625,-28.892150178277234,-29.417913080899098,-0.04054372009198185,-4.310529925095807,-0.0271752028181908,23.0246462526829,0.9654398857670543,-66.42459951317667,2.4947414581539533,0.02404465718640631
2023-02-06,1055.1690673828125,-29.18399202854266,-30.90667581567436,-0.04404024608753639,-4.646990539149556,-0.0276581193769536,23.57056165240398,0.5459153997210819,-73.69828625799012,-7.273686744813446,0.006575933696187469
2023-02-07,1052.6356201171875,-29.133444148892295,-32.22779945045454,-0.04232091482008222,-4.454850241556414,-0.0276766656876469,11.023663816592148,-12.546897835811833,-80.24692279321101,-6.5486365352208935,0.014918268015845018
2023-02-08,1073.6572265625,-25.748735829070256,-32.180149531073766,-0.0199207779881114,-2.1388087245684346,-0.023982268448478,26.729951902409734,15.706288085817587,-59.49156089759888,20.755361895612133,0.022491963942500852
2023-02-09,1075.52880859375,-22.58956794571759,-31.927057483899034,-0.01649632936458884,-1.7742277467666554,-0.0210032197791646,28.129742243768845,1.399790341359111,-45.58036117477391,13.911199722824968,0.01564054553917488
2023-02-10,1066.6728515625,-21.062361417234115,-32.04996931246001,-0.02266881841551801,-2.4180213180832197,-0.019745849335512,29.23202501377895,1.102282770010106,-47.50451301997632,-1.9241518452024096,0.014379629509093168
2023-02-13,1060.6014404296875,-20.354272173781737,-32.356917227293934,-0.025930076653136142,-2.750147664877204,-0.0191912545070047,29.123630084789117,-0.10839492898983494,-53.05245565903601,-5.547942639059691,0.01568853940714754
2023-02-14,1085.5946044921875,-16.160474959623343,-31.217681729969854,-0.002100493277968874,-0.22802841693328446,-0.014886288945018,43.61827505642537,14.494644971636252,-13.710023328343048,39.342432330692965,0.02449430581355489
2023-02-15,1110.1768798828125,-9.640714000143362,-28.84059306067138,0.01826243893319082,2.0274537473897,-0.0086839441307417,57.791778894455405,14.173503838030037,39.59775722709085,53.3077805554339,0.02639857580491108
2023-02-16,1109.3095703125,-4.949909245095114,-26.706363726377276,0.01590442824074503,1.7642934457808224,-0.0044621531965154,66.9345943226172,9.142815428161796,50.92965522747818,11.331898000387326,0.01594622786411747
2023-02-17,1113.9429931640625,-0.9247511803082489,-24.507514592773077,0.018179775843004804,2.0251233917608715,-0.0008301602379862,65.38528806216075,-1.5493062604564471,62.08589484342557,11.156239615947392,0.015121778526239816
2023-02-20,1102.16552734375,0.3934661048599537,-23.108397666101837,0.00698935445890957,0.7703425542995319,0.0,60.760697968614416,-4.624590093546338,51.920540869104535,-10.165353974321036,0.016422293108697396
2023-02-21,1111.158447265625,2.4984785971469137,-21.339095050886954,0.013660064336015848,1.5178495877155456,0.0,66.4054684894965,5.6447705208820835,58.63751942551375,6.716978556409217,0.01415308548065044
2023-02-22,1085.9598388671875,0.6274887798349482,-21.020241525036,-0.008388149243776085,-0.9109193201165908,0.0,57.88680133805333,-8.518667151443168,29.468199045083853,-29.169320380429898,0.0230988743768546
2023-02-23,1080.7557373046875,-1.3914767260644112,-20.935821265847835,-0.012039802981973982,-1.301208614878533,-0.0012875034367475,55.683500380939606,-2.2033009571137256,8.300312518270832,-21.16788652681302,0.014107679653600375
2023-02-24,1088.1510009765625,-1.8198222233008892,-20.405161344246835,-0.004692549331071741,-0.5106202251738523,-0.0016723986116519,60.70852185713516,5.025021476195555,7.251882416685405,-1.0484301015854278,0.011809363512324825
2023-02-27,1080.91552734375,-3.0360413908420014,-20.242942183958803,-0.010379816984554273,-1.1219705349590186,-0.0028087684134786,58.90983212506971,-1.7986897320654478,-6.94251156472537,-14.194393981410775,0.01602719598691199
2023-02-28,1060.2362060546875,-6.550126599973055,-21.098070605480416,-0.027351560869590983,-2.8999115126046036,-0.0061779880394265,45.76245055967489,-13.147381565394824,-45.74516603070522,-38.80265446597985,0.022970400362251172
2023-03-01,1069.982421875,-7.622701405782664,-21.2659432018188,-0.016357872217953377,-1.750263573248958,-0.0071241370418262,48.331742278488456,2.5692917188135667,-52.5213535589871,-6.776187528281881,0.009492782375264205
2023-03-02,1061.8338623046875,-9.297106537188256,-21.757982263033227,-0.021961315498525247,-2.3319268457091766,-0.0087557073354294,48.53829504013687,0.20655276164841752,-67.77080088186293,-15.249447322875824,0.012918984566539525
2023-03-03,1088.927001953125,-6.735524018949491,-20.70964380610667,0.003150617062465975,0.3430791992132072,-0.0061854688210215,57.59206122255341,9.053766182416538,-36.28663194926281,31.484168932600113,0.021757303710172864
2023-03-06,1099.5633544921875,-3.391540106601724,-19.170322317445425,0.011630355957146411,1.278831321017833,-0.0030844426496625,54.05619232885104,-3.5358688937023715,-4.933025602472477,31.353606346790336,0.0102129866125241
2023-03-08,1103.5120849609375,-0.4400709129522511,-17.55335020038183,0.013788244334550833,1.5215494253570796,-0.0003987912039656,47.80122330563149,-6.254969023219552,16.565822269448134,21.49884787192061,0.014065028640832434
2023-03-09,1076.9896240234375,-1.8270305776607074,-17.44947912983912,-0.009544252230910929,-1.0279060621753615,-0.001696423565192,40.88099572851809,-6.920227577113401,-6.977912609843166,-23.5437348792913,0.026194710942310427
2023-03-10,1060.3046875,-4.961750680478417,-18.159046645621856,-0.023118566735041795,-2.4512724677447295,-0.004679551773158,35.82973168383053,-5.0512640446875565,-45.82114655738182,-38.84323394753866,0.012463992739045807
2023-03-13,1042.866455078125,-9.3678509564445,-19.615514969466403,-0.03656962359940777,-3.813723372665663,-0.0089827905680816,34.78920604701845,-1.0405256368120774,-69.60501452214908,-23.783867964767254,0.0302035615985375
2023-03-14,1038.9635009765625,-12.806535004172474,-21.019479528628835,-0.036785077180463595,-3.821835257110706,-0.0123262607320999,30.98475168845165,-3.8044543585668045,-80.69518955025515,-11.090175028106074,0.015773541944235504
2023-03-15,1021.2056884765624,-17.3110438509666,-23.088784764693628,-0.0498307278995185,-5.088742279191592,-0.0169515740524235,32.24878326935122,1.264031580899573,-85.97418123326254,-5.278991683007391,0.03169352399541906
2023-03-16,1016.11572265625,-20.814711398822283,-25.077004024821008,-0.05008143656019511,-5.088853510202625,-0.0204845874684527,32.26897610754651,0.02019283819528539,-81.92432415383611,4.049857079426431,0.02327143619703843
2023-03-17,1014.8377075195312,-23.039373038514896,-26.790258692160705,-0.04673075924286549,-4.74241365806779,-0.0227025196913778,29.191533208765307,-3.0774428987812,-81.54555525366881,0.3787689001673016,0.017655488313814294
2023-03-20,1004.8631591796876,-25.456713413458374,-28.706793757165542,-0.05192808809670715,-5.2180622655021125,-0.025333512509544,28.744595065773552,-0.4469381429917547,-82.12459833740093,-0.5790430837321168,0.018171521343782495
2023-03-21,1036.1102294921875,-22.548516295849367,-28.663163730918086,-0.018367256289796227,-1.9030502129558045,-0.021762661591422,43.63326525484334,14.888670189069785,-53.41135075299387,28.713247584407057,0.025113499920695215
2023-03-22,1039.26025390625,-19.62305015234233,-28.36003405474935,-0.013891417350868955,-1.4436797923183349,-0.0188817479342498,41.600126560816605,-2.033138694026732,-36.9316302843335,16.479720468660368,0.009421943645637205
2023-03-23,1026.1131591796875,-18.88449965835389,-28.673781180664264,-0.02443810979411746,-2.507626604522329,-0.0184039152888857,40.49330687531594,-1.1068196855006676,-40.77981181098384,-3.848181526650336,0.011944978423280175
2023-03-24,1005.7989501953124,-20.64830958664652,-29.895707365840053,-0.041026159552773084,-4.126406820872489,-0.0205292614221131,27.048167554089616,-13.445139321226321,-60.95012454371664,-20.170312732732803,0.023600957068591385
2023-03-27,1021.4338989257812,-19.425236276657415,-30.04818312844418,-0.022810286157714472,-2.3299199525686163,-0.0190176146465147,29.00772897899745,1.9595614249078324,-56.43865277523591,4.511471768480732,0.02404408120959478
2023-03-28,1026.2044677734375,-17.54156961734384,-29.82763100872444,-0.01641408728598473,-1.684420970730116,-0.0170936398819271,29.319875391035737,0.3121464120382882,-49.57853974312707,6.860113032108842,0.008674397009273391
2023-03-29,1020.1329345703124,-16.652580993646552,-29.842512759545343,-0.02042135181500371,-2.083249355493308,-0.0163239323320746,32.92201258968535,3.602137198649615,-42.95255221039448,6.625987532732587,0.015080330026955963
2023-03-31,1064.116455078125,-9.911973597205588,-27.475462737542557,0.019778275242850873,2.104638813898191,-0.0093147451577354,50.98362865923343,18.06161606954808,14.0972372374291,57.04978944782358,0.03807299010993454
2023-04-03,1064.299072265625,-4.921665633742805,-25.30059404824874,0.018133150966921707,1.9299095751346158,-0.0046243257764624,56.07139497955637,5.087766320322942,45.38895697367317,31.29171973624407,0.014583242335320235
2023-04-05,1061.74267578125,-1.6294258921975597,-23.44292676161126,0.01433552219802036,1.5220635697246507,-0.0015346711866871,56.50245278929428,0.43105780973790786,58.72451332848566,13.335556354812496,0.01696143486660712
2023-04-06,1068.8638916015625,1.666447232616747,-21.36866992958835,0.019002208107563364,2.031077410687203,0.0,64.48386287786718,7.9814100885729005,72.2098738720821,13.485360543596435,0.015311054403920747
2023-04-10,1061.2861328125,2.968137737808547,-19.872469960484295,0.010907019429398113,1.1575468470737178,0.0,63.523303867580985,-0.9605590102861967,69.34569891997612,-2.8641749521059836,0.012409459956221974
2023-04-11,1066.5357666015625,4.517908436249172,-18.223410593880544,0.01434133574127265,1.529554750890611,0.0,65.1180589393347,1.594755071753717,74.53492140525826,5.189222485282144,0.007254874434212477
2023-04-12,1071.23779296875,6.139872828085117,-16.475024363092416,0.01697066023431748,1.8179612614633243,0.0,70.027514116178,4.909455176843295,74.80852125515521,0.27359984989695363,0.016086659683460975
2023-04-13,1075.27783203125,7.693188682477512,-14.680335531319088,0.018785548014776613,2.0199683342848402,0.0,64.13976670294944,-5.887747413228553,80.12924571410643,5.320724458951219,0.010103962631351236
2023-04-17,1080.73291015625,9.352398258916992,-12.778454133357172,0.021580272245012303,2.3322510425316523,0.0,64.72681120219711,0.5870444992476678,62.5546007262345,-17.574644987871935,0.032059806956049
2023-04-18,1068.36181640625,8.712152350663928,-11.711222271471343,0.009318784318486855,0.9955833341196012,0.0,65.08550461978618,0.35869341758906614,42.77705751449116,-19.777543211743335,0.02179161868470431
2023-04-19,1073.6800537109375,8.781804539370114,-10.462389938667684,0.012932641079615646,1.388551876898191,0.0,77.14491293430335,12.05940831451717,38.82621203531195,-3.9508454791792147,0.010926804099016262
2023-04-20,1070.9638671875,8.296972411349543,-9.474719325884053,0.009481121367529887,1.0153938405046574,0.0,72.08873394243689,-5.05617899186646,32.59071036810732,-6.23550166720463,0.011466045631474736
2023-04-21,1072.310546875,7.963382938151426,-8.508655600655857,0.009750074162123265,1.0455107356856388,0.0,71.20950578669252,-0.8792281557443715,30.79030657533137,-1.8004037927759455,0.010472550135717065
2023-04-24,1076.4190673828125,8.106137863418098,-7.422139323846977,0.012299727955717085,1.3239661695154155,0.0,76.36871457262986,5.159208785937338,26.619916045826475,-4.170390529504896,0.01395250593095348
2023-04-25,1084.65869140625,9.12528615984752,-6.020737628724191,0.018002550973175567,1.9526623380538695,0.0,64.46939863458925,-11.899315938040601,22.612393648326368,-4.007522397500107,0.012668055229318988
2023-04-26,1078.2906494140625,8.825339316735835,-5.104418398609823,0.011093805481095,1.1962346716682077,0.0,59.065362609758914,-5.40403602483034,9.465004714903609,-13.147388933422759,0.013568497176593893
2023-04-27,1085.115234375,9.331123628259775,-3.9330846670229676,0.015739368738725855,1.70790287978366,0.0,64.34978250637792,5.284419896619006,9.832914100263215,0.3679093853596065,0.008413775437477617
2023-04-28,1104.9500732421875,12.104816151730574,-1.8706425547943581,0.030370658662604834,3.3558061513658686,0.0,69.16371924656681,4.813936740188893,47.39193248913664,37.559018388873426,0.017413805199411943
2023-05-02,1114.3310546875,15.053317193433031,0.42238129906604627,0.03503042783817212,3.903549359906492,0.0,77.64035681391431,8.476637567347495,70.7023185291042,23.31038603996756,0.007251006376880835
2023-05-03,1104.7674560546875,15.578182408642533,1.9293199183919114,0.024251829324501446,2.6792631787502614,0.0,69.06446004908645,-8.57589676482786,63.81855118805404,-6.8837673410501665,0.013201892223857018
2023-05-04,1117.503662109375,17.30701956983762,3.8970405230604683,0.03215676900908974,3.5935307129263947,0.0,71.35931850355716,2.294858454470713,78.57716574294905,14.758614554895011,0.01562497805222615
2023-05-05,1114.650634765625,17.805152970597646,5.454351079695698,0.026981368750878334,3.0074799805011025,0.0,68.37846153846154,-2.980856965095626,74.62170320487323,-3.955462538075821,0.010381857541995873
2023-05-08,1128.4140625,19.604987239879392,7.506602193579511,0.035317651074306206,3.985293412671581,0.0,70.65459483354873,2.2761332950871918,80.38122160862028,5.759518403747052,0.015979614098322565
2023-05-09,1131.9061279296875,20.940091027312974,9.452876237922965,0.034812555634227776,3.9404545051272635,0.0,79.82012430899664,9.165529475447912,85.69964032244326,5.318418713822979,0.009497767436868972
2023-05-10,1139.6895751953125,22.483140497199884,11.52148318971581,0.037640227450702356,4.289817483354682,0.0,80.27647757049114,0.45635326149449895,91.2208140494828,5.521173727039539,0.007470231747865185
2023-05-11,1132.2486572265625,22.142890480068218,12.902566645874913,0.028468896537306547,3.2233869877086363,0.0,76.94169416941693,-3.334783401074205,78.18750007967307,-13.033313969809726,0.013284684003127102
2023-05-12,1134.097412109375,21.69774433175712,14.158430552876325,0.027320584630867253,3.098420432718058,0.0,77.04303522618231,0.10134105676537786,73.58151182086404,-4.605988258809035,0.012437888281420364
2023-05-15,1136.334228515625,21.23837962706989,15.320505649322513,0.026577504383489634,3.020092793948379,0.0,76.66063736753195,-0.38239785865036424,74.04815230306566,0.46664048220162613,0.012614236189514889
2023-05-16,1120.1513671875,18.359495931636502,15.444343095747172,0.011376763259606381,1.2743696919417289,0.0,64.75056210784354,-11.910075259688412,51.61540085278236,-22.432751450283305,0.020152415910869793
2023-05-17,1113.5321044921875,15.083826582317215,15.155275438692797,0.005000006244990527,0.5567667476457245,0.0,64.61563696673059,-0.1349251411129444,28.57974900285213,-23.03565184993023,0.014758240969399964
2023-05-18,1111.1356201171875,12.148283102599862,14.724880162919362,0.002594547124944476,0.2882893728599356,0.0,61.20286873829964,-3.4127682284309486,7.248757760285862,-21.330991242566267,0.012263607799277232
2023-05-19,1114.7418212890625,10.300768006124827,14.482877290422948,0.005291967224685933,0.5899177182250241,0.0,54.9005759921018,-6.302292746197843,-12.066895399567318,-19.31565315985318,0.011097749449418624
2023-05-22,1120.6990966796875,9.568616362818148,14.527821718629411,0.009617740640642155,1.0778593248062407,0.0,53.30017574114304,-1.6004002509587565,-12.491876476831465,-0.424981077264146,0.013706676877781872
2023-05-23,1120.4937744140625,8.830666492007367,14.504671595066156,0.008578418505287228,0.9612064529494546,0.0,59.02545032674611,5.725274585603067,-14.047355609185573,-1.5554791323541082,0.006742575827980342
2023-05-24,1113.9658203125,7.273280358057264,14.095289112567798,0.002516896570379043,0.2803736752662189,0.0,47.813821008197976,-11.211629318548134,-32.360864653925255,-18.313509044739682,0.012519260212722714
2023-05-25,1113.8289794921875,6.007194289808012,13.680393607329961,0.002176681422580485,0.24244508475908333,0.0,49.47462905579969,1.6608080476017122,-40.499731502720735,-8.13886684879548,0.013504376555844777
2023-05-26,1144.2088623046875,8.979901998953892,14.839675277171864,0.026063529563218717,2.9822121509173485,0.0,58.32935290459717,8.854723848797484,26.107917697718907,66.60764920043964,0.023239540439195863
2023-05-29,1150.645263671875,11.74558839709266,16.132053721586544,0.028646790252956543,3.2962293523964945,0.0,59.584409811235,1.2550569066378259,57.54916657850724,31.441248880788333,0.009045483150717864
2023-05-30,1150.3487548828125,13.424904122523913,17.188029791884674,0.02581492596464503,2.969616794082185,0.0,55.90395724701962,-3.680452564215379,64.7023351909891,7.153168612481863,0.009266144218395063
2023-05-31,1127.5008544921875,11.340859551382891,16.867999673407212,0.00552167898419016,0.6225697772904368,0.0,47.75365650246385,-8.150300744555771,25.183835435552403,-39.5184997554367,0.019778168546497592
2023-06-01,1124.46533203125,9.239580449616824,16.371420513393332,0.002579145209641877,0.29001593745169885,0.0,45.49335191446587,-2.260304587997979,0.952205337360911,-24.23163009819149,0.010920605344663332
2023-06-02,1120.79052734375,7.084619247997125,15.689359969059524,-0.0006283270554328449,-0.07042230118031512,0.0,42.82398954036204,-2.6693623741038266,-17.508948219340773,-18.461153556701685,0.01297243255734532
2023-06-05,1130.8563232421875,6.739556864869201,15.558022525910019,0.007525731280903753,0.8510520806030399,0.0,55.23796781542188,12.41397827505984,-8.405026731603165,9.103921487737608,0.01021300713212774
2023-06-06,1131.8148193359375,6.485283821132043,15.437389717574206,0.007605658659488262,0.8608197181620199,0.0,59.47041743388438,4.232449618462496,-2.15416922805567,6.250857503547495,0.0103655570890836
2023-06-07,1140.39697265625,7.301428391437412,15.720629629818859,0.013703641574032373,1.5627591365391709,0.0,64.24449940516445,4.774081971280069,16.43235365528808,18.586522883343747,0.010968155829574333
2023-06-08,1141.0816650390625,7.820905806740939,15.94737183452844,0.012995869898143804,1.4829348862003826,0.0,63.19769632380645,-1.046803081358,26.943457451706333,10.511103796418254,0.010341481914707953
2023-06-09,1133.0018310546875,6.969226672002378,15.6708901074187,0.005415633450755768,0.6135922616026619,0.0,56.03595316123344,-7.161743162573011,17.64076413292391,-9.302693318782424,0.012308919367935158
2023-06-12,1134.006103515625,6.358111007522211,15.425446390607476,0.005724031302371785,0.6491086433607052,0.0,56.57783551162395,0.5418823503905159,14.800081022046363,-2.8406831108775457,0.009741796759953703
2023-06-13,1150.7593994140625,7.997490079755153,16.02210818568028,0.018362879917602153,2.1131256665491946,0.0,66.28951279487664,9.71167728325269,43.550452391760025,28.750371369713662,0.014756973044618971
2023-06-14,1164.910888671875,10.853357910546947,17.217675479246736,0.02753448686809891,3.2075223566637305,0.0,70.1187423255957,3.8292295307190614,66.81320494871099,23.262752556950964,0.014891152056259495
2023-06-15,1165.23046875,12.69536370196056,18.217070212142517,0.025273816884340786,2.944982149524094,0.0,60.84809802842028,-9.270644297175423,74.39458228726237,7.581377338551377,0.010597306498070376
2023-06-16,1176.574462890625,15.230935437547487,19.611446520116033,0.031519710916201184,3.7085286941698996,0.0129451521496802,62.73557076596173,1.8874727375414508,84.0993837490449,9.704801461782537,0.008613385527459941
2023-06-19,1164.8880615234375,15.18149031474536,20.155325055264257,0.01982155774403788,2.308989597682512,0.0130325743873544,56.42262288646496,-6.312947879496775,67.12590855102196,-16.97347519802294,0.016204239256533776
2023-06-20,1167.3074951171875,15.157535743968538,20.683584246584815,0.019866487370825667,2.319029960961416,0.0129850410516271,71.4568462720822,15.034223385617246,63.2559860783205,-3.869922472701468,0.011340911180878334
2023-06-21,1170.59423828125,15.26597786205457,21.241151781365488,0.02056223932940527,2.4070038885163285,0.0130412207431237,74.79755783218233,3.3407115601001323,66.85359604866774,3.597609970347243,0.008520817237619731
2023-06-22,1157.4471435546875,13.3078643377778,20.972809609189426,0.008579181598387338,0.9929949235090589,0.0114976000518757,67.88419413895417,-6.913363693228163,45.31583091805014,-21.5377651306176,0.016288695026606126
2023-06-23,1147.9749755859375,10.41067384314465,20.17401075949556,0.0003625207834950694,0.041616478758214726,0.0090687289048534,58.40058465519721,-9.483609483756965,16.667907251480653,-28.647923666569486,0.00850979370442471
2023-06-26,1139.2100830078125,7.000893178233127,18.95129891879219,-0.006662294031683906,-0.7589752536857759,0.0061453925686375,53.37079776993868,-5.029786885258524,-15.153135046117516,-31.82104229759817,0.010699023275054963
2023-06-27,1139.62109375,4.502476074679407,17.83701712153902,-0.0057265778424389945,-0.6526128904247344,0.003950853577011,49.617887391005326,-3.7529103789333575,-30.93925021301377,-15.786115166896256,0.009152905416516293
2023-06-28,1154.708251953125,4.626101400360994,17.580075005663048,0.006740017571459106,0.7782753908072664,0.0040062945705431,55.87720877730007,6.259321386294744,-11.396954808406152,19.54229540460762,0.01581347782008757
2023-06-30,1164.180419921875,5.863876689156768,17.782625958075187,0.01347410791906841,1.5686292615291677,0.0050369140287982,63.28787420025117,7.410665422951098,15.849990113038576,27.24694492144473,0.009097139737293715
2023-07-03,1194.0582275390625,10.54395765744789,19.440631547494604,0.03469002461264027,4.142190930225524,0.0088303546797536,70.53861215833135,7.25073795808018,55.6839754777384,39.83398536469983,0.025480807686734105
2023-07-04,1181.755615234375,12.024602026180673,20.183529442119607,0.022400645140456813,2.6472088179607454,0.0101752019378353,60.93398383506078,-9.604628323270568,51.47638527413187,-4.207590203606529,0.01999040364171171
2023-07-05,1179.8155517578125,12.573845223792887,20.660162363085192,0.018902819687284324,2.230184063913157,0.0106574669278253,55.753313247618784,-5.180670587441995,46.365087018788245,-5.111298255343627,0.012845797012335817
2023-07-06,1204.5804443359375,15.960137515721499,22.28299960250115,0.035521030986024174,4.278793928841196,0.0132495406103988,62.77792091963135,7.024607672012564,71.32154272408049,24.956455705292242,0.025921314151977227
2023-07-07,1202.2294921875,17.72334769222425,23.499482019265088,0.030577271343669776,3.676089739998588,0.0147420669742315,58.84757481662098,-3.930346103010372,67.76295845616642,-3.558584267914071,0.014030283010094052
2023-07-10,1248.5411376953125,24.693341718207876,26.87223627933986,0.06048698859209564,7.55204935525353,0.0197777557924838,73.28759768213496,14.440022865513981,78.16677836177746,10.403819905611044,0.029615533549423118
2023-07-11,1262.076171875,30.900092654757145,30.422006521922867,0.06414792741501704,8.095957066565916,0.0244835401724212,74.84442333749143,1.5568256553564765,88.43442836026124,10.267649998483776,0.011719111390732074
2023-07-12,1263.468505859375,34.8472918673408,33.48603698782085,0.059253845676783864,7.486536786366969,0.0275806572983304,74.59205349558535,-0.2523698419060878,82.76564147142803,-5.6687868888332105,0.01457867878262662
2023-07-13,1252.170166015625,35.45063472771926,35.45885516758062,0.046150442535071536,5.778820729083009,0.0283113555089098,75.32957423180952,0.7375207362241696,72.11876725989231,-10.646874211535717,0.022511804010798685
2023-07-14,1251.120361328125,35.02321321088607,37.00131303176977,0.04122734118744311,5.158036600303376,0.027993480318478,78.88276421241318,3.553189980603662,66.47366322352585,-5.645104036366462,0.013062383094971977
2023-07-17,1276.68408203125,37.37030852947737,39.53812163743714,0.05493213936145191,7.013098791468792,0.0292713828389086,85.18522915652578,6.3024649441126,78.02304490248795,11.549381678962106,0.031125986844314293
2023-07-18,1287.52587890625,39.698585444805076,42.17336599194209,0.057172926573416015,7.361162253607972,0.0308332330209385,85.93614494565843,0.7509157891326481,84.20434774189663,6.181302839408673,0.01575989973564685
2023-07-19,1297.294921875,41.82565384659392,44.8297389827037,0.05842974001226736,7.580060500439004,0.0322406672078409,85.56305609614115,-0.3730888495172735,87.68215883668115,3.4778110947845278,0.02076114325901811
2023-07-20,1295.7237548828125,42.278364043902684,46.908882377952295,0.05208001090473515,6.748130728382193,0.0326291494499353,84.15481953716164,-1.4082365589795103,87.97752867082104,0.2953698341398905,0.019447658939515458
2023-07-21,1255.6134033203125,36.47733793694624,46.48421625246783,0.01981715626289414,2.4882687019382956,0.0290514085310705,65.17619384693913,-18.978625690222515,58.28694087916735,-29.690587791653698,0.03596250307730194
2023-07-24,1230.216796875,28.303778470785574,44.634739566360395,-0.00037977003671584144,-0.04671994781188005,0.0230071468237817,61.22328281177733,-3.9529110351617973,22.776199151924523,-35.510741727242824,0.018352458042929086
2023-07-25,1229.425537109375,21.8487976977965,42.81930357967849,-0.0009305596991564123,-0.11440538579495296,0.0177715502389574,61.550801014320655,0.32751820254332387,3.539479276524676,-19.236719875399846,0.010137561620756467
2023-07-26,1249.4063720703125,19.467026031002206,42.11385255157438,0.013705986170766724,1.7124346457262618,0.0155810202878544,60.67472628161598,-0.876074732704673,-0.0075590187037386,-3.5470382952284147,0.024542792018992243
2023-07-27,1237.7838134765625,15.863477238513497,40.74673506834279,0.004040790706754164,0.500162533046705,0.0128160322229111,58.10874241147815,-2.565983870137835,-24.71082427467536,-24.703265255971623,0.01889951077249685
2023-07-28,1250.22265625,14.628422552690154,40.05038106390384,0.012681717871843684,1.5854971003548144,0.0117006538631827,50.45357768246335,-7.6551647290148,-27.009470977172747,-2.2986467024973862,0.01673360650117047
2023-07-31,1260.8065185546875,14.849427975396111,39.846491193196016,0.019063434915486344,2.4035303007487983,0.0117777214480288,49.65197914484775,-0.8015985376155967,-16.139798973624544,10.869672003548203,0.014102167763803125
2023-08-01,1242.9769287109375,12.364446719536545,38.60467813704281,0.004538746690520637,0.5641557421579364,0.0099474466773566,44.8474211475904,-4.804557997257348,-31.349962030252087,-15.210163056627543,0.02136716226929561
2023-08-02,1229.6976318359375,8.613856409190475,36.69594843443292,-0.005646428295338206,-0.6943399503109049,0.0070048572805088,44.40505011886172,-0.4423710287286795,-52.56700506014429,-21.217043029892203,0.019466245879602495
2023-08-03,1224.5291748046875,5.109220288494953,34.63078853237607,-0.008991846739262207,-1.1010778667598515,0.0041723957204285,43.51267980956908,-0.8923703092926445,-66.50066190008376,-13.933656839939466,0.017306779436059693
2023-08-04,1241.171630859375,4.713351194406641,33.56383897179376,0.004124898272118957,0.5119706715536267,0.0037975015519355,40.9419085018115,-2.570771307757582,-54.21683613924265,12.283825760841104,0.017692375716707773
2023-08-07,1248.2442626953125,5.266953971095745,32.87787348269035,0.008879627544827727,1.108394413769929,0.0042194898294368,39.78408463912623,-1.1578238626852695,-40.08824547171356,14.128590667529089,0.009271510366435762
2023-08-08,1240.7265625,4.56481441439837,31.772896401959542,0.00261301728004819,0.3242039947626836,0.0036791461973704,35.11402957612016,-4.6700550630060675,-40.77014604797279,-0.6819005762592241,0.013911826561029631
2023-08-09,1248.911865234375,5.05097136136078,31.117618713786214,0.008318035592788188,1.0388493347272743,0.0040442976818167,38.095832332221406,2.9818027561012457,-28.298331270100466,12.471814777872321,0.018968756245033733
2023-08-10,1254.4759521484375,6.023316547698414,30.721963127111394,0.011560481225078823,1.4502345692126255,0.0048014603527335,49.64909400123221,11.553261669010801,3.328647575220076,31.626978845320544,0.016381182214507514
2023-08-11,1259.767822265625,7.28404221912956,30.54041066663649,0.014284173104585943,1.7994741644829446,0.0057820513354832,60.40758103125688,10.758487030024675,34.85035821942446,31.521710644204383,0.018255698244227354
2023-08-14,1274.65478515625,9.983165755898199,31.042514760864833,0.023451415251173887,2.9892458668593918,0.0078320545077422,64.49056692322134,4.082985891964455,64.1927700670074,29.342411847582945,0.022233019236831953
2023-08-16,1273.6162109375,11.553578394466285,31.316716764976263,0.02059553248462932,2.6230804045312652,0.0090714756103502,58.82783393646427,-5.662732986757064,76.15693598555563,11.964165918548233,0.012348814645385288
2023-08-17,1255.242431640625,10.017847051551598,30.494766584718263,0.005690334863817728,0.714274977130799,0.0079808065749164,56.06735385975525,-2.7604800767090225,51.97128922164986,-24.185646763905773,0.017828999211977933
2023-08-18,1264.5406494140625,9.950573747991712,30.148782973192056,0.011819575858247295,1.494633413158681,0.0078689235910309,55.0869429074763,-0.9804109522789517,55.15664760129765,3.185358379647788,0.027006432849441413
2023-08-21,1250.74267578125,7.890129950297478,29.025840422486226,0.0008346753572975863,0.10439640897925528,0.006308355909715,46.5043211022945,-8.582621805181802,34.33107201634258,-20.825575584955068,0.015793670169890778
2023-08-22,1250.44482421875,6.23474211139137,27.926141267400226,0.0005424342622607075,0.06782841157223629,0.0049860193673772,52.95371830439179,6.449397202097295,23.466561806643284,-10.864510209699297,0.01546001138431434
2023-08-23,1251.8345947265625,5.120806592758527,26.93790325706118,0.0015018355185894654,0.1880049657759173,0.0040906415386907,59.66463226155784,6.710913957166049,20.29616663810573,-3.170395168537553,0.010268871217899163
2023-08-24,1230.7904052734375,1.4663463666936423,24.890855261123306,-0.014155087002521364,-1.7421945268515628,0.0011913859259959,52.40075338310953,-7.26387887844831,-22.03330403243354,-42.32947067053927,0.027784458822117455
2023-08-25,1225.1075439453125,-1.8934728840495154,22.720377173694942,-0.01714491902128539,-2.1004369633308215,0.0,43.275348069991125,-9.125405313118407,-42.43292323786368,-20.39961920543014,0.025280004810905768
2023-08-28,1212.897705078125,-5.834162854325768,20.112426470779383,-0.024894708658473215,-3.0194735000450237,0.0,35.81359481299808,-7.461753256993042,-63.71060299092597,-21.277679753062287,0.021647018861892596
2023-08-29,1201.2838134765625,-10.027703895043032,17.162473611927908,-0.03163935278164647,-3.800784236546633,0.0,34.673519860886984,-1.1400749521110995,-75.64278944235512,-11.932186451429153,0.018716320780201214
2023-08-30,1200.142333984375,-12.940145293613796,14.465673695110354,-0.02965505972921563,-3.5590292597871667,0.0,29.951907057779778,-4.721612803107206,-82.15716436554978,-6.5143749231946515,0.01157957835222215
2023-08-31,1194.6578369140625,-15.458216699945524,11.77509665113621,-0.0312564122766889,-3.734071788016081,0.0,25.39397359985217,-4.557933457927607,-87.231116244756,-5.07395187920622,0.010427959142604791
2023-09-01,1197.4619140625,-16.558171872810362,9.52801161094908,-0.02621957805174254,-3.1396946119750737,0.0,23.835111116579117,-1.558862483273053,-86.25725649775575,0.9738597470002475,0.009947568429503702
2023-09-04,1196.494140625,-17.128490792431194,7.481321552836789,-0.024590569502834843,-2.9422472324770297,0.0,12.831893339029833,-11.003217777549285,-86.92275988763251,-0.6655033898767613,0.007611836349316323
2023-09-05,1202.89697265625,-16.344940553868582,5.997972813666138,-0.017397122278206317,-2.0926945721387256,0.0,18.002960377337644,5.171067038307811,-79.50598201106884,7.416777876563671,0.008871100484271885
2023-09-06,1205.4281005859375,-15.128343979191413,4.811815740831889,-0.013873470107089685,-1.672347071972581,0.0,23.689534717288183,5.686574339950539,-72.71057332965742,6.795408681411416,0.007781900903251024
2023-09-07,1207.06591796875,-13.747434139167353,3.843288302206247,-0.011361624996721019,-1.3714230306286481,0.0,16.970815976923276,-6.718718740364906,-66.01972125664338,6.690852073014042,0.011204769736841917
2023-09-08,1215.1064453125,-11.43748047705867,3.399278090865664,-0.00424482299803376,-0.5157911784122007,0.0,28.06961663972308,11.098800662799803,-50.299243168999965,15.720478087643414,0.013499734289392662
2023-09-11,1228.20947265625,-7.852520146044071,3.6766831411869134,0.005880782136709972,0.7222832326935986,0.0,38.179439524041904,10.109822884318824,-23.80161984811972,26.497623320880244,0.010042066061415486
2023-09-12,1210.4658203125,-7.489037489534894,2.9886424823739617,-0.007901405948826143,-0.9564381833472453,0.0,31.26543049491464,-6.914009029127264,-33.799083794330485,-9.997463946210765,0.019291898617852864
2023-09-13,1216.52099609375,-6.285611771444792,2.690038007995099,-0.0026223857462731133,-0.31901873201968556,0.0,42.522730209334135,11.257299714419496,-20.65867218565437,13.140411608676114,0.01485073809943379
2023-09-14,1217.6376953125,-5.161085370909859,2.477360661973762,-0.0015480706538498294,-0.18849891831359855,0.0,45.88902041348287,3.366290204148733,-1.4488335593554569,19.209838626298914,0.008478395799185086
2023-09-15,1219.89599609375,-3.9651567958037504,2.399507010961088,0.0002781992737016803,0.033937418010509646,0.0,54.3252255786583,8.43620516517543,16.695749818504545,18.144583377860002,0.0075269032955430845
2023-09-18,1209.274658203125,-4.434167692056917,1.7738989862796188,-0.007729625088419177,-0.934723973683731,0.0,55.00000763814735,0.6747820594890541,3.1926342736708,-13.503115544833745,0.007777689487428358
2023-09-20,1182.3240966796875,-8.215175037090603,-0.1720226077420648,-0.027909438062179007,-3.2998001145704166,0.0,41.57270416852859,-13.427303469618764,-32.752891174756364,-35.94552544842716,0.03047671247926933
2023-09-21,1173.7127685546875,-11.853431902778539,-2.3162045176891297,-0.032228211183172394,-3.782666297337073,0.0,40.37842117776891,-1.1942829907596817,-60.897048002681856,-28.144156827925492,0.012728390153394465
2023-09-22,1168.823974609375,-14.828436327846475,-4.4334803666235985,-0.03322333765049059,-3.8832233562432066,0.0,37.09176543087606,-3.2866557468928477,-77.66605427684298,-16.76900627416113,0.013779465315484607
2023-09-25,1161.6273193359375,-17.577425778894167,-6.639008366935286,-0.036022262648031815,-4.18444443962494,0.0,35.11972301322106,-1.9720424176549969,-85.83286657690404,-8.166812300061054,0.01093800510573058
2023-09-26,1162.644775390625,-19.03245084257719,-8.489141125995275,-0.03192328794872316,-3.71154439468728,0.0,31.993687475427024,-3.1260355377940385,-87.99483508979893,-2.1619685128948873,0.006232594883937901
2023-09-27,1175.747802734375,-17.956162936555984,-9.397517198578043,-0.018566455823634326,-2.1829469639205854,0.0,37.87018144266123,5.876493967234204,-70.81977590408206,17.17505918571686,0.014057178522055108
2023-09-28,1158.4757080078125,-19.100453362320877,-11.050280100963846,-0.030684179608115553,-3.55468766961485,0.0,32.39212577665991,-5.4780556660013175,-80.02596873549992,-9.206192831417852,0.024848977153224972
2023-09-29,1163.8856201171875,-18.813287358856087,-12.174818088121356,-0.023539461318092206,-2.7397240533432523,0.0,31.07810359397928,-1.314022182680631,-77.29910735855404,2.7268613769458767,0.014925373134328233
2023-10-03,1150.5592041015625,-19.98010769464304,-13.802518697718597,-0.03217696735788346,-3.7021505953689484,0.0,21.361857228653665,-9.716246365325613,-87.74445620567957,-10.44534884712553,0.00845506049303927
2023-10-04,1148.5738525390625,-20.66219636563619,-15.277640723778632,-0.030873747893338185,-3.546077956017143,0.0,24.171454362619187,2.8095971339655215,-82.67842339569177,5.066032809987803,0.010327724370640057
2023-10-05,1148.5491943359375,-20.730301121988077,-16.51288065107383,-0.028087163383868248,-3.2259488875724855,0.0,20.13084334738393,-4.040611015235257,-80.30896184971954,2.3694615459722286,0.008815479660716016
2023-10-06,1150.4847412109375,-20.105499317196973,-17.43286450793198,-0.02396139558673518,-2.7567220000657926,0.0,20.70152266420968,0.5706793168257498,-76.8801128383348,3.4288490113847416,0.005500431406384961
2023-10-09,1140.6822509765625,-20.54474424726868,-18.680990314779365,-0.029782583029538155,-3.3972463850029726,0.0,17.57405680695011,-3.127465857259569,-85.91102589079898,-9.030913052464186,0.007375155519145046
2023-10-10,1145.719970703125,-19.77875738025,-19.444137895270387,-0.022958762622748916,-2.630431283951566,0.0,22.73782145535128,5.16376464840117,-83.17123084876798,2.7397950420310053,0.006129744819943575
2023-10-11,1163.910400390625,-16.448937366216796,-19.10105692862635,-0.0063374787341428235,-0.7376257410926428,0.0,41.45947347621426,18.721652020862976,-48.59931577747786,34.571915071290114,0.01564996499337611
2023-10-12,1166.0693359375,-13.478720822538662,-18.621697002828796,-0.004067528173694927,-0.47430198764072884,0.0,46.22917055603399,4.769697079819736,-18.275072322336808,30.324243455141055,0.00902366399664481
2023-10-13,1166.019775390625,-11.112778271092338,-18.13917917433173,-0.0037365500876119563,-0.4356891293894023,0.0,48.54720140852909,2.3180308524950988,0.7496651224334808,19.024737444770288,0.012067465656586361
2023-10-16,1163.4140625,-9.557553346190389,-17.78775952997512,-0.0054405738866023816,-0.632964016774622,0.0,50.971908478452285,2.424707069923194,5.868960642961409,5.1192955205279285,0.007913674384810367
2023-10-17,1168.972900390625,-7.5348690632240505,-17.130045726725484,-0.0005994401945510616,-0.07007293428341654,0.0,53.28015732606434,2.308248847612056,21.03806177181191,15.169101128850503,0.007812292683897658
2023-10-18,1153.4627685546875,-7.989152658507919,-17.296273834027716,-0.01277643884823666,-1.473714652615854,0.0,38.7298823965182,-14.550274929546141,-6.200999735856608,-27.23906150766852,0.019793459552495677
2023-10-19,1144.603271484375,-9.312334560194131,-17.837779431084527,-0.018741423087834816,-2.1451494178606936,0.0,42.3318745116456,3.601992115127402,-35.13438081211882,-28.93338107626221,0.009019382828057313
2023-10-20,1141.104248046875,-10.519257476205894,-18.42803587205276,-0.01987749040522837,-2.2682288741914363,0.0,37.13560946019535,-5.196265051450254,-60.20531771168385,-25.070936899565027,0.008003088844416601
2023-10-23,1123.2860107421875,-13.499895598724152,-19.798977879479708,-0.0327776360519619,-3.6818660042370084,0.0,35.342687547890705,-1.7929219123046423,-75.3591367421281,-15.153819030444254,0.022534464961256467
2023-10-25,1120.680419921875,-15.676840629460685,-21.060521126661797,-0.03198077473280064,-3.5840228056981687,0.0,35.108630624595136,-0.2340569232955687,-75.65910933120577,-0.29997258907766877,0.01691797958234144
2023-10-26,1105.07080078125,-18.949138808457974,-22.894236106954168,-0.04232542234252684,-4.677258836146166,0.0,30.099843000094975,-5.008787624500162,-84.76977305661072,-9.110663725404947,0.016932383189703595
2023-10-27,1124.5765380859375,-18.318714666558662,-23.405939291078084,-0.022042115921641344,-2.4788046415249028,0.0,39.7847599245312,9.684916924436227,-59.76862307117723,25.001149985433486,0.016572534212604455
2023-10-30,1147.7550048828125,-14.459248124887608,-22.571263969383153,-0.00127488374461127,-0.14632541985201897,0.0,52.52260504904146,12.737845124510258,-15.621823457234344,44.14679961394289,0.02380542652027028
2023-10-31,1135.5452880859375,-13.041522510671484,-22.39291878496283,-0.010946259706761887,-1.2429973632179099,0.0,46.54766648248919,-5.974938566552268,-11.6672320002803,3.9545914569540432,0.019712443542678357
2023-11-01,1140.2603759765625,-11.156472201635097,-21.91357381746934,-0.006150816638098436,-0.7013532492323975,0.0,41.16772841201372,-5.379938070475468,-3.209776646923917,8.457455353356384,0.01841214008278295
2023-11-02,1151.57666015625,-8.112248359496334,-20.83179409747322,0.0033967277892986824,0.3911592443059817,0.0,44.93410115753937,3.7663727455256435,16.572377125731144,19.78215377265506,0.007046848547683384
2023-11-03,1151.3284912109375,-5.828470891015286,-19.825486162394782,0.002892645342642301,0.3330384997952933,0.0,44.871798149516415,-0.06230300802295119,26.06244981588704,9.490072690155895,0.008276911486839324
2023-11-06,1160.9075927734375,-2.838070033558324,-18.38068080441667,0.010109242928717154,1.173589687313779,0.0,49.16569758701198,4.293899437495561,43.96248708914332,17.900037273256284,0.006156435375694621
2023-11-07,1153.3634033203125,-1.6569615770079054,-17.443186164706503,0.0033039396760236902,0.38106431091023296,0.0,44.872005665645126,-4.29369192136685,42.53258292614184,-1.4299041630014813,0.008412965150759691
2023-11-08,1159.3690185546875,0.00025572763229320117,-16.2517038338965,0.007697179309198033,0.8923871221343234,0.0,52.06954605492784,7.197540389282715,64.66394179469957,22.131358868557726,0.008240935316057534
2023-11-09,1146.787109375,-0.48014951950290197,-15.803478551269336,-0.002899831211785844,-0.3325489053038382,0.0,50.74576095964304,-1.3237850952847978,57.4893293771652,-7.1746124175343695,0.01371965571053197
2023-11-10,1148.9461669921875,-0.526617390583624,-15.244031106549073,-0.0009229259341075142,-0.10603922144127864,0.0,52.70267882460544,1.9569178649623993,57.13041242595514,-0.3589169512100554,0.007905330511093375
2023-11-13,1148.79736328125,-0.5683746071158566,-14.708733419367263,-0.0009568867915085603,-0.10992690230432345,0.0,60.01172727194336,7.309048447337915,56.69872016428249,-0.4316922616726515,0.005573380255810731
2023-11-15,1169.5684814453125,2.1411029705589044,-13.115015486540642,0.015290681565741388,1.7883499219108216,0.0,66.79161079819175,6.779883526248398,75.76761098938266,19.06889082510017,0.014831611914563975
2023-11-16,1171.6778564453125,4.290629228095668,-11.567201416918806,0.015512233246713813,1.8175340199186394,0.0,75.21607040692683,8.424459608735077,78.20639678424305,2.4387857948603937,0.01152198573917574
2023-11-17,1169.121826171875,5.388176561597447,-10.306170366974357,0.012145331942239417,1.4199372659772962,0.0,69.34683650606996,-5.8692339008568695,72.15071180967628,-6.055684974566773,0.009000000310934694
2023-11-20,1166.0445556640625,5.651282052712304,-9.32706749624299,0.00867119691714602,1.0111001956329346,0.0,59.623878173423535,-9.722958332646428,62.06680615763752,-10.083905652038759,0.009364291861799351
2023-11-21,1180.7109375,7.649037448063609,-7.680472817289228,0.019077399591384707,2.2524894356606637,0.0,73.16700540860042,13.543127235176883,73.13778698070507,11.07098082306755,0.011686094400498193
2023-11-22,1185.3267822265625,9.513186783657602,-5.9762805973387,0.020815693643713558,2.4673399166515537,0.0,73.13965878179334,-0.02734662680707345,79.59484183645347,6.457054855748396,0.00931664033787534
2023-11-23,1188.9500732421875,11.114872269792613,-4.279164396939905,0.021636117765482504,2.5724263801948837,0.0,70.83566418813434,-2.3039945936589987,85.33354324441115,5.738701407957677,0.004925923117564257
2023-11-24,1188.1558837890625,11.918546780895895,-2.822633607548596,0.019074688988787572,2.2663703953476215,0.0,70.40701748689767,-0.4286467012366728,84.33703677381726,-0.9965064705938858,0.004824783532852414
2023-11-28,1188.404052734375,12.278610604174219,-1.5275493768342585,0.017526846458162812,2.0828975362530855,0.0,66.99384225861306,-3.413175228284615,84.32514916816737,-0.01188760564988911,0.010211306452168636
2023-11-29,1191.5308837890625,12.695742423689808,-0.22928828523026823,0.018277332237149946,2.177800583383714,0.0,74.95132119076348,7.957478932150423,82.19398336618954,-2.1311658019778292,0.005789937362628245
2023-11-30,1179.9913330078125,11.218909922300782,0.30896401209588475,0.007887927776315144,0.9307686411441409,0.0095076206142155,62.57184955870753,-12.379471632055953,60.33818008521702,-21.855803280972523,0.01295507769277887
2023-12-01,1188.3544921875,11.046232895978392,1.2103139477046625,0.013518192751790217,1.6064405082845497,0.0092954021452342,76.71457486702336,14.142725308315832,64.72019151667581,4.382011431458793,0.007851900056010648
2023-12-04,1201.2093505859375,12.388993517646895,2.65778584450959,0.021886475921633387,2.6290239528439088,0.010313767131103,79.52893302986413,2.814358162840776,60.41378122975271,-4.306410286923104,0.021237874299956962
2023-12-05,1209.919921875,14.231949914003508,4.362870024773656,0.02629836764378009,3.1818918925000617,0.0117627205376934,81.48808685327913,1.9591538234149937,70.1490929985415,9.735311768788797,0.007876195390216577
2023-12-06,1221.5091552734375,16.769354783666586,6.435692265120679,0.03230590330601257,3.9461956657671635,0.013728390582478,79.5538083265034,-1.9342785267757279,76.69132348178061,6.542230483239109,0.015419913723954291
2023-12-07,1219.4989013671875,17.960731859704993,8.119318200875796,0.027918846391024186,3.4047002501295083,0.0147279606726739,77.24050076628032,-2.3133075602230804,76.70174703079304,0.01042354901242959,0.007712480737180255
2023-12-08,1218.8536376953125,18.355545030098483,9.527563166354412,0.02491293144521431,3.0365217117648626,0.0150596794089289,78.9593477441872,1.7188469779068782,73.33676449235782,-3.3649825384352283,0.012908460214547533
2023-12-11,1220.6405029296875,18.498525635292253,10.815983841129992,0.023945761020068998,2.922916577457272,0.0151547696401139,82.27685130926022,3.317503565073025,71.90145392403652,-1.4353105683212988,0.006180574017089222
2023-12-12,1203.1201171875,15.925258730691894,10.9970943160572,0.00884728410066673,1.064434548398367,0.0132366324053494,62.81572267506639,-19.461128634193834,39.656173963647134,-32.24527996038938,0.018481486737364432
2023-12-13,1208.03369140625,14.429271498978096,11.370077553893452,0.011707921282939219,1.4143563366124,0.0119444280417222,62.94192050962008,0.12619783455369316,30.23850068585645,-9.417673277790684,0.013167916132660554
2023-12-14,1223.0228271484375,15.048272664942942,12.430160562726542,0.02165476500417885,2.6484271916644957,0.0123041633654778,67.19247759811373,4.250557088493643,52.84214142691332,22.60364074105687,0.013107988599801893
2023-12-15,1238.63232421875,17.231676687182244,14.118673518594278,0.030894610101147673,3.8267062715417524,0.0139118577403919,72.15679718452647,4.964319586412742,74.79515489123747,21.95301346432415,0.012001101939370248
2023-12-18,1251.239013671875,20.082806900041078,16.194837503404642,0.03696245489664166,4.624886560776531,0.0160503362511901,74.88200547192977,2.725208287403305,79.63832736631981,4.843172475082341,0.017433538743306283
2023-12-19,1269.6527099609375,24.111004403655897,18.902373813445593,0.046299390941907936,5.878414717893293,0.0189902358452003,77.59460158675405,2.7125961148242794,82.50775877967358,2.869431413353766,0.019037547129799114
2023-12-20,1254.2913818359375,24.454989765481287,20.40577760786323,0.031472184709784266,3.9475290049031173,0.0194970563615656,75.55470279820103,-2.0398987885530175,55.96297058194442,-26.54478819772916,0.031201195300335226
2023-12-21,1271.8614501953125,26.511352234862215,22.55441982973616,0.04077442297425649,5.185941673491243,0.0208445284907338,77.01067098570596,1.4559681875049222,59.88389304569307,3.920922463748653,0.021560554505175973
2023-12-22,1273.102294921875,27.592702233167756,24.414866079519925,0.037917585379847164,4.8272964964978655,0.0216735939784485,75.1431237827541,-1.8675472029518545,62.34857394267356,2.4646808969804894,0.012962710031794654
2023-12-26,1279.554443359375,28.647116628143067,26.286347781698623,0.03888080210369814,4.975010309316076,0.0223883530527485,74.74416320808406,-0.398960574670042,70.307984782078,7.959410839404434,0.01134578438975465
2023-12-27,1283.9222412109375,29.3874817439239,28.053049165298944,0.038318591413706714,4.919809176793478,0.0228888329843143,73.37786800545024,-1.3662952026338218,78.40304398172901,8.095059199651018,0.010360014564346534
2023-12-28,1293.2034912109375,30.536035729951664,29.975925866962825,0.04110956885916426,5.316303797084856,0.0236127074644365,76.18121332692738,2.8033453214771384,86.29323068721247,7.890186705483458,0.009652434945573577
2023-12-29,1282.97900390625,29.388645554205823,31.02003923638449,0.03042531946454044,3.9035046060146215,0.022906567811887,71.32709791671911,-4.854115410208266,79.02132139815762,-7.271909289054847,0.013423838692174148
