Date,Close,EMA_DIFF_8_21,EMA_DIFF_21_50,EMA_DISTANCE_CLOSE_21,EMA_SLOPE_21,EMA_TREND_STRENGTH,RSI,RSI_SLOPE,SMI,SMI_SLOPE,PRICE_RANGE,FUTURE_CLOSE,FUTURE_RETURN,LABEL
2022-01-21,1127.45166015625,11.836554761231582,13.579599481331115,0.0027671479519044,0.3119825552271322,0.0104985031106264,61.218971541061485,0.0470934868778272,2.302431565934894,-9.501502696653104,0.020279626669126,1085.9317626953125,-0.03682632163154861,-1
2022-01-24,1081.9730224609375,3.643940997528489,10.85739495238704,-0.0355905463812218,-3.850801103913,0.0033678667784527,39.32087841270136,-21.898093128360124,-41.03215710301512,-43.33458866895002,0.0629337017465701,1082.337158203125,0.00033654789410486103,0
2022-01-25,1079.8572998046875,-2.5002533457600293,8.331635654493539,-0.0341995808172773,-3.693066699579504,0.0,36.93207619668619,-2.388802216015172,-44.98127610551276,-3.949119002497639,0.0352470513495666,1084.5438232421875,0.004339946989613948,0
2022-01-27,1063.863525390625,-8.894315615673804,5.269060279654013,-0.0452249065844718,-4.811312855441884,0.0,38.82235673998505,1.8902805432988568,-60.84586523090116,-15.8645891253884,0.0192677451366806,1070.529541015625,0.006265855972975857,0
2022-01-28,1062.83984375,-13.370109443863155,2.522381452900845,-0.0420287475227041,-4.466982745003861,0.0,34.98275433434627,-3.8396024056387783,-68.90914509721543,-8.063279866314268,0.0203351175923714,1060.7694091796875,-0.001948021221153528,0
2022-01-31,1085.9317626953125,-13.232436744837289,1.3080289776762584,-0.0180640083776112,-1.9616280458842537,0.0,43.27578642950651,8.293032095160243,-53.102360895025136,15.806784202190292,0.0210341672359654,1054.308349609375,-0.02912099468151417,-1
2022-02-01,1082.337158203125,-13.339789229453118,0.0568840559496948,-0.0194955927928847,-2.110080450093619,0.0,39.68595737632906,-3.589829053177453,-48.41752624550661,4.684834649518528,0.0308991653331189,1072.031005859375,-0.009522127431030893,0
2022-02-02,1084.5438232421875,-12.85644023911368,-0.9220490877676184,-0.015837525466271,-1.7176490419885797,0.0,27.94612562886698,-11.739831747462077,-44.24615509435787,4.17137115114874,0.0133833596060043,1084.521240234375,-2.0822586721290128e-05,0
2022-02-03,1070.529541015625,-14.095211543591631,-2.4982475312901897,-0.0264871232170818,-2.8355247860406507,0.0,22.210324091998416,-5.735801536868564,-53.93728489169922,-9.691129797341354,0.0230581342718269,1083.406494140625,0.012028582707566828,1
2022-02-04,1060.7694091796875,-15.967992170798423,-4.370590785310924,-0.0326652945292706,-3.465034517849517,0.0,20.002851727232297,-2.2074723647661187,-66.80885408309973,-12.87156919140051,0.0117316985502615,1081.29052734375,0.019345503354901476,1
2022-02-07,1054.308349609375,-17.81801675642373,-6.324383549016147,-0.0354488365106326,-3.7374004317098297,0.0,16.13131826774014,-3.871533459492156,-78.62115904702702,-11.81230496392729,0.0223555954741782,1064.068359375,0.009257263085549042,0
2022-02-08,1072.031005859375,-16.438937526433847,-7.092213595125486,-0.0166645011026139,-1.786486187917717,0.0,26.6975391293,10.56622086155986,-68.2543738739385,10.366785173088516,0.0212220361326181,1100.1964111328125,0.026272939047000038,1
2022-02-09,1084.521240234375,-13.49159946555278,-7.091920366120803,-0.0045052368017651,-0.4886025003800114,0.0,31.96657333994748,5.269034210647476,-47.95959923623143,20.29477463770707,0.0122508122226471,1097.9212646484375,0.012355704911013668,1
2022-02-10,1083.406494140625,-11.281446294098032,-7.124006130424732,-0.0050352720625373,-0.5455246452320353,0.0,35.87338979359322,3.9068164536457424,-36.6635407769072,11.296058459324236,0.0128514097269727,1111.82177734375,0.02622772094943408,1
2022-02-11,1081.29052734375,-9.768657948334068,-7.236015131061322,-0.0063654688185777,-0.6882921135627385,-0.0090342583249398,35.31621897841964,-0.5571708151735777,-32.71913656616648,3.944404210740714,0.0170005589792072,1103.13134765625,0.02019884550931301,1
2022-02-14,1064.068359375,-10.76315980180425,-8.198323956629793,-0.0205942758982978,-2.191371736762221,-0.0101151018230881,43.05631169077094,7.740092712351299,-36.03440436916759,-3.315267803001106,0.017938527823002,1091.9833984375,0.026234253482451456,1
2022-02-15,1100.1964111328125,-6.504817754205988,-7.142033717126424,0.0117452866071422,1.2922122172903985,-0.0059124149909819,56.24129085618563,13.184979165414688,17.49706274938666,53.53146711855425,0.0364772344644393,1087.023681640625,-0.01197307077072198,-1
2022-02-16,1097.9212646484375,-3.661214981040075,-6.311575541112006,0.0088158132276027,0.9679068807752174,-0.0033346789965058,61.411821295609286,5.170530439423658,41.942471745949526,24.445408996562865,0.0153545963431831,1080.22119140625,-0.016121441320161693,-1
2022-02-17,1111.82177734375,0.2486970303004909,-4.845153927041565,0.0192800533515527,2.1435983184608176,0.0,65.10872741183877,3.696906116229485,64.56758156899186,22.62510982304233,0.0183752562267315,1026.393310546875,-0.07683647553744799,-1
2022-02-18,1103.13134765625,1.86708956359098,-3.996286836469608,0.0105036148597974,1.158686681555082,0.0,55.82260476010615,-9.28612265173262,61.03758131097226,-3.530000258019598,0.0149521536973213,1039.224853515625,-0.057931899294134725,-1
2022-02-21,1091.9833984375,1.509816415706382,-3.8168805606951537,0.0003654048199473,0.0399015997090828,0.0,53.10667962459743,-2.7159251355087197,42.917335793683705,-18.120245517288552,0.0220425747469601,1073.62353515625,-0.01681331722398052,-1
2022-02-22,1087.023681640625,0.5754217536584747,-3.9029571219400623,-0.0038141686388186,-0.4146091636166602,0.0,50.784750158572464,-2.3219294660249687,26.814936547318595,-16.10239924636511,0.0204060754202701,1091.369140625,0.003997575267004743,0
2022-02-23,1080.22119140625,-0.9901423160135892,-4.315869452711922,-0.0092140908965041,-0.9953256245946704,-0.0009166107125935,53.21359819053463,2.4288480319621684,8.945162825483276,-17.86977372183532,0.0162380315238994,1082.1551513671875,0.001790336994240817,0
2022-02-24,1026.393310546875,-9.145411522244558,-7.443683798691836,-0.0564918451027658,-5.798285191393006,-0.0089102407705402,41.17923804333186,-12.034360147202776,-48.04998866522456,-56.99515149070784,0.0427796193362112,1058.1531982421875,0.03094319435732725,1
2022-02-25,1039.224853515625,-13.042057611112796,-9.485799513199709,-0.0394973660962393,-4.104664449561824,-0.0125497937881223,46.25216564187927,5.072927598547416,-55.5335741267275,-7.4835854615029405,0.013879435770738,1019.022216796875,-0.019440101581872194,-1
2022-02-28,1073.62353515625,-11.01678740576358,-9.45746320928606,-0.0056291636663571,-0.6043602595448192,-0.0102613132490247,50.365417386988376,4.113251745109103,-21.894253432635743,33.63932069409176,0.0527006803407422,1017.1793212890624,-0.05257356235113921,-1
2022-03-02,1091.369140625,-7.031985786776659,-8.481665929553401,0.0097475583964036,1.0638184430274578,-0.0064432697654886,51.53429672004351,1.1688793330551306,12.588332406617296,34.48258583925304,0.0299348013128401,1071.1436767578125,-0.018532193292184237,-1
2022-03-03,1082.1551513671875,-5.282306750906628,-8.075430082046296,0.001196429996587,0.1294722884056227,-0.004881284115529,49.72945125398328,-1.8048454660602289,19.763210585899124,7.174878179281828,0.0188369641848441,1088.50244140625,0.005865415907361691,0
2022-03-04,1058.1531982421875,-7.090218312647039,-8.93256059039254,-0.0195084573925284,-2.064293658267616,-0.0067005593560794,45.43004465773255,-4.299406596250726,-1.5347219710728937,-21.297932556972015,0.0188986793661047,1091.6419677734375,0.0316483185864597,1
2022-03-07,1019.022216796875,-13.363714590279416,-11.672181427866915,-0.0533255552080085,-5.433992547998969,-0.0131142524372883,41.81142793742372,-3.618616720308829,-45.33531194761302,-43.80058997654013,0.0402313349296751,1100.605712890625,0.08006056663827606,1
2022-03-08,1017.1793212890624,-17.771542386797364,-14.118730121687122,-0.0502126721789479,-5.107529180709207,-0.0174713956672611,32.760068262500326,-9.051359674923397,-53.35718565481573,-8.021873707202708,0.0295236516490592,1075.398193359375,0.05723560325285845,1
2022-03-09,1071.1436767578125,-13.442938749311452,-13.415708893763394,0.0024519787285191,0.2626421510597083,-0.012550079920185,45.42199260045813,12.661924337957808,-11.693115477198802,41.66407017761693,0.056433502930249,1093.55322265625,0.02092113913818523,1
2022-03-10,1088.50244140625,-7.831301652823413,-11.85650034781952,0.0166911440549427,1.816835105366863,-0.0071945650785183,46.05982128198126,0.6378286815231249,21.74564792300333,33.438763400202134,0.0188107104742554,1129.203369140625,0.03739167335425813,1
2022-03-11,1091.6419677734375,-3.2930082908712848,-10.2900628204452,0.0177446435985172,1.9370797655324168,-0.0030165643938992,48.021571618893,1.9617503369117413,45.41528512591257,23.66963720290924,0.0145677480270097,1122.6966552734375,0.02844768561192325,1
2022-03-14,1100.605712890625,1.1594688651061915,-8.421821960458146,0.0234040900806201,2.575867524773912,0.0,51.49598354447753,3.4744119255845334,69.4892173977433,24.07393227183073,0.020836395209476,1151.703857421875,0.04642729356460099,1
2022-03-15,1075.398193359375,0.9741831002779692,-8.063063317128126,0.0004659210462191,0.0501050651350851,0.0,48.115376121342905,-3.3806074231346277,58.86138788757685,-10.62782951016645,0.0368529228255427,1155.366455078125,0.07436153623146949,1
2022-03-16,1093.55322265625,3.207486242912637,-6.782468466013597,0.015509142425652,1.696007268020594,0.0,52.08454691413917,3.9691707927962634,69.44464149057427,10.583253602997416,0.0128154797850481,1173.3165283203125,0.07293957350362587,1
2022-03-17,1129.203369140625,9.403124139836793,-3.796887963295149,0.0423550560287474,4.782747196780065,0.0,67.04384020049004,14.95929328635087,81.0140133184951,11.569371827920833,0.0331627574040228,1181.1429443359375,0.04599665269759235,1
2022-03-21,1122.6966552734375,12.739499132075023,-1.5119797278046008,0.0334590161728628,3.756432554601133,0.0,64.13435179891297,-2.909488401577065,81.05755563275365,0.0435423142585449,0.0182377888116219,1193.018798828125,0.06263681576352452,1
2022-03-22,1151.703857421875,18.65021508280438,1.9886225131060653,0.0525478578901294,6.051957063131795,0.0,63.46730583139559,-0.6670459675173817,90.15725392037314,9.09969828761949,0.0321395030327768,1193.291748046875,0.03610988220365589,1
2022-03-23,1155.366455078125,22.93368433448859,5.228432112127166,0.0505012288175066,5.834742571596735,0.0,61.60189572620671,-1.8654101051888787,88.27377511080034,-1.883478809572793,0.0164815292452401,1216.224609375,0.052674330321248436,1
2022-03-24,1173.3165283203125,27.856173537491717,8.967473044961253,0.0591156444276221,6.936136268923747,0.0237413970272538,66.01899471634911,4.417098990142399,93.05946249835628,4.785687387555939,0.0287553592158099,1198.8428955078125,0.021755738175821014,1
2022-03-25,1181.1429443359375,31.801681672222458,12.605906512789945,0.0594091580955606,7.017070791350989,0.0269244987024853,72.91455722976235,6.895562513413239,91.82948994023748,-1.2299725581188028,0.0150240149469812,1208.443603515625,0.023113763927224307,1
2022-03-28,1193.018798828125,35.50843232358784,16.352823387092712,0.0625202084648163,7.458778400517986,0.0297635145049407,86.08228110855717,13.167723878794815,94.29462381977788,2.465133879540403,0.0164953318829181,1212.0155029296875,0.015923222769182285,1
2022-03-29,1193.291748046875,37.44786687704391,19.58134236922774,0.0570314947146358,6.805521202175214,0.0313819876307171,86.76040949509229,0.6781283865351213,93.3509582929692,-0.9436655268086866,0.0116679761528943,1194.88427734375,0.0013345682641999147,0
2022-03-30,1216.224609375,41.0740475058667,23.51692988263835,0.0680108178049271,8.271643031807116,0.0337717615556011,84.79002218242513,-1.9703873126671567,92.43184938190912,-0.9191089110600784,0.0265249981371297,1191.6993408203125,-0.020165081651563256,-1
2022-03-31,1198.8428955078125,40.525787594073336,25.972071272402214,0.0495437700770394,5.939519677353019,0.0338040853775981,76.4564358539528,-8.333586328472336,81.42540382552316,-11.006445556385955,0.0155992102362093,1170.677734375,-0.02349362142308242,-1
2022-04-01,1208.443603515625,40.5801253222337,28.520191897475115,0.0519044079663672,6.272354980121918,0.0335804874999357,77.16398851482518,0.7075526608723806,81.4507749057742,0.025371080251034,0.0162471351667469,1190.1522216796875,-0.015136314001517237,-1
2022-04-04,1212.0155029296875,40.26778272334036,30.828790481251644,0.0497259235133806,6.026859019571248,0.0332238181986987,76.57654929335484,-0.5874392214703335,83.69739003339897,2.2466151276247786,0.012520155600541,1187.6724853515625,-0.020084741093891113,-1
2022-04-05,1194.88427734375,36.98388898610415,31.849735549158595,0.0328197355613922,3.921578600888552,0.0309518584245831,79.6454167918512,3.06886749849636,72.64384793013919,-11.053542103259788,0.0187353785663305,1165.30859375,-0.02475192297240474,-1
2022-04-06,1191.6993408203125,33.496570658998735,32.463283593715914,0.0274862262586281,3.2755317714045304,0.0281082396470415,76.30483274780944,-3.340584044041762,62.17431250067793,-10.46953542946126,0.018098088813543,1161.0313720703125,-0.02573465277650447,-1
2022-04-07,1170.677734375,27.59367865895388,31.796769133343787,0.0091118246559949,1.066701024430131,0.0235706871743704,62.06163768865058,-14.243195059158865,37.47315158580781,-24.701160914870115,0.0151583222421371,1157.482177734375,-0.011271724278304335,-1
2022-04-08,1190.1522216796875,25.41972449370041,32.10795363955958,0.0230234090304016,2.740136140817185,0.0213583809118341,68.2416337438996,6.1799960552490205,37.83833744394845,0.3651858581406344,0.0248504764609135,1201.595703125,0.009615141018820323,0
2022-04-11,1187.6724853515625,23.043433455106424,32.13710185212858,0.0190759852395981,2.2656022800044866,0.0194021784114038,61.35609472591288,-6.885539017986716,27.4558530220162,-10.38248442193225,0.0212819234425129,1236.9273681640625,0.04147177224360812,1
2022-04-12,1165.30859375,17.961031127509614,30.89192460437289,0.0002278999899469,0.0265573816800497,0.0154131113628111,52.80742948852293,-8.548665237389955,-4.173372123042425,-31.62922514505862,0.0184299780125079,1265.8890380859375,0.08631228232194396,1
2022-04-13,1161.0313720703125,13.44290883435042,29.47310084444439,-0.003141131833605,-0.3646952602625788,0.0115784199787639,46.24066890991352,-6.566760578609404,-40.74629715962917,-36.572925036586746,0.018458688568264,1255.287109375,0.08118276523106675,1
2022-04-18,1157.482177734375,9.51064717215877,27.94529963268633,-0.0056518812022951,-0.6541951762330882,0.0082166683471314,42.56503850795207,-3.675630401961456,-56.92745975317539,-16.18116259354622,0.0149379825680732,1226.2574462890625,0.05941799353602696,1
2022-04-19,1201.595703125,12.330811004283532,28.79160808776919,0.0284255144529014,3.4155976025724613,0.0102620298759513,52.24108630584056,9.676047797888494,-7.138329951140535,49.78912980203486,0.0442858278980423,1262.9541015625,0.051064096083170654,1
2022-04-20,1236.9273681640625,18.715270516889632,31.254578164325267,0.0510705676113643,6.3170582786167415,0.0151304522792378,59.6362173810606,7.395131075220036,44.59854015432706,51.7368701054676,0.0312310810429495,1264.1827392578125,0.022034738494148127,1
2022-04-21,1265.8890380859375,26.654496111162644,34.79153825152321,0.0661642457206142,8.375659337094703,0.0210559498575521,60.68311926884948,1.0469018877888845,73.98021612049077,29.381675966163705,0.0204881600406767,1283.0657958984375,0.013568928472966143,1
2022-04-22,1255.287109375,30.33744283979468,37.20877788362077,0.0529793065692542,6.650424060001342,0.024167732316553,62.50626813160182,1.8231488627523404,71.32751407368177,-2.652702046808997,0.0209511312531292,1269.597412109375,0.011400023649968026,1
2022-04-25,1226.2574462890625,28.51669299340574,37.686798622423794,0.0277819293519188,3.406779774006509,0.0232550620423988,53.63410381218439,-8.87216431941743,46.32183438405174,-25.00567968963003,0.0351576520539596,1265.13818359375,0.031706830749407125,1
2022-04-26,1262.9541015625,31.471952016846444,39.86694045432796,0.0509371804104191,6.433132092136702,0.0249193157359479,59.15445930227711,5.520355490092719,64.16916159145202,17.847327207400284,0.0314520956072348,1225.64306640625,-0.029542669135869292,-1
2022-04-27,1264.1827392578125,33.08706835670705,41.69254849334493,0.0471450531066346,5.959996237879977,0.0261726942863753,63.20902534014184,4.054566037864731,65.96493812343873,1.7957765319867036,0.0262566607726366,1201.641357421875,-0.049471789080631524,-1
2022-04-28,1283.0657958984375,36.04023748200984,44.11460105075935,0.0556075918605627,7.134819910857004,0.0280891577012022,66.43205083508892,3.2230254949470734,73.99891130915907,8.033973185720342,0.0230154668379618,1192.42724609375,-0.07064216823052315,-1
2022-04-29,1269.597412109375,35.63167560877105,45.37662140931389,0.0414446449125957,5.2618013926824005,0.0280653341515329,68.28732184332412,1.8552710082352064,67.03153396819798,-6.967377340961093,0.0282591314796946,1145.8568115234375,-0.09746443983400097,-1
2022-05-02,1265.13818359375,34.037406386070415,46.08663764089965,0.0346054799214242,4.378071401017905,0.0269041017238004,64.67754722472176,-3.6097746186023594,60.75860940647348,-6.272924561724494,0.0170656029212156,1125.9954833984375,-0.10998221538145653,-1
2022-05-04,1225.64306640625,27.03629343860871,44.50085560838284,0.0031787371203847,0.3895997111528686,0.0220588637749836,56.49158893093879,-8.185958293782974,31.50662446119278,-29.251984945280704,0.0422103864525331,1114.4609375,-0.09071330141184654,-1
2022-05-05,1201.641357421875,18.388084246726063,41.71639131658753,-0.015210794611482,-1.8277919884405949,0.0153024728494511,56.17698966648514,-0.3145992644536477,1.234600366398822,-30.27202409479396,0.0371085166128413,1091.755859375,-0.09144616849958848,-1
2022-05-06,1192.42724609375,10.691778598333258,38.65929770851608,-0.0209595643924015,-2.499275564775644,0.0089663991101832,55.24953963581529,-0.9274500306698528,-19.86670045553454,-21.101300821933364,0.0249747493022308,1104.1322021484375,-0.07404648311631302,-1
2022-05-09,1145.8568115234375,-1.0813587955881303,33.44390186910164,-0.056776243766701,-6.505744565278974,0.0,48.30066224834688,-6.948877387468407,-57.53704600793641,-37.67034555240187,0.0357781390489902,1104.4051513671875,-0.03617525308519069,-1
2022-05-10,1125.9954833984375,-11.992006933045786,27.742635771639694,-0.0685605638661506,-7.719888525253737,0.0,38.10582662139848,-10.194835626948404,-75.89592597880245,-18.35887997086604,0.0277211336260182,1150.7935791015625,0.0220232639195677,1
2022-05-11,1114.4609375,-20.97898120007244,22.06775610968907,-0.0723818600342767,-8.06667555917943,0.0,29.17283405736596,-8.932992564032517,-82.11015833974321,-6.214232360940756,0.0257217187338009,1154.979736328125,0.03635730734449811,1
2022-05-12,1091.755859375,-29.891064552766466,15.85871188116812,-0.0860763818953003,-9.397439428799544,0.0,19.74226714468192,-9.43056691268404,-85.28215631133351,-3.171997971590301,0.0270275514078202,1128.3614501953125,0.03352909948316484,1
2022-05-13,1104.1322021484375,-33.96350141668927,11.018720516983194,-0.0671840262308032,-7.418004683141589,0.0,23.89598879830069,4.153721653618767,-80.80476900799573,4.477387303337778,0.0258180165292856,1194.1563720703125,0.08153386863158649,1
2022-05-16,1104.4051513671875,-36.12102907120948,6.766104327783296,-0.0608366146008946,-6.71882705569692,0.0,26.63584257712732,2.739853778826632,-78.58852083474916,2.2162481732465693,0.0265120246321797,1186.1710205078125,0.0740361171254985,1
2022-05-17,1150.7935791015625,-30.825426213907576,5.425552211800323,-0.0164312248207901,-1.890894802053708,0.0,29.26480962519007,2.628967048062748,-56.31649161438765,22.27202922036151,0.0426626127242157,1190.2432861328125,0.034280437211032085,1
2022-05-18,1154.979736328125,-25.908627260530466,4.451714276532357,-0.0115883896888116,-1.3384355267257888,0.0,30.029944223470423,0.7651345982803548,-43.45948294063543,12.85700867375222,0.0243267782024348,1188.491455078125,0.029014984155946662,1
2022-05-19,1128.3614501953125,-25.404026639007043,2.209264517734482,-0.0322290677602703,-3.6366037636421424,0.0,22.487428349625176,-7.542515873845247,-49.14928891341954,-5.689805972784107,0.0187309533513301,1177.16162109375,0.0432487044731903,1
2022-05-20,1194.1563720703125,-15.894288445474784,3.6439059143986015,0.022403708385023,2.675353112598032,0.0,38.68877470526458,16.2013463556394,-17.916587883399608,31.23270103001993,0.0542589492676536,1171.701416015625,-0.01880403319019039,-1
2022-05-23,1186.1710205078125,-9.8977159189526,4.471198743674904,0.0143840821655224,1.7061981421343262,0.0,38.28396920684033,-0.4048054984242455,-3.254552031957576,14.662035851442033,0.0232268470191354,1212.51611328125,0.022210197617337578,1
2022-05-24,1190.2432861328125,-4.923019334917626,5.3883588006858645,0.0161420375852223,1.921295186031557,0.0,44.130984121407344,5.847014914567012,14.670635739533417,17.925187771490993,0.0154060367055967,1197.88720703125,0.006422149981852162,0
2022-05-25,1188.491455078125,-1.536140589045317,6.0796753956017255,0.0133562139795867,1.5873746186930475,0.0,47.64618789243312,3.5152037710257744,36.81764994181656,22.147014202283145,0.0211332822613188,1198.2742919921875,0.008231306057997219,0
2022-05-26,1177.16162109375,-0.5981006739721124,6.076147044748268,0.0035091436902396,0.4130829275054566,0.0,47.28801797347351,-0.3581699189596108,43.46251214792961,6.644862206113047,0.0335897606823482,1239.5892333984375,0.05303232044439522,1
2022-05-27,1171.701416015625,-0.6397539124827745,5.769146807183915,-0.0010314261302571,-0.1208523457337378,0.0,55.37673102758216,8.088713054108652,43.27866615988287,-0.1838459880467411,0.0252611078698034,1264.705810546875,0.079375507497048,1
2022-05-30,1212.51611328125,4.703224325722886,7.590283724621031,0.0296949559338653,3.600561255298772,0.0038788963496701,66.55638065027014,11.179649622687982,68.73215995223154,25.453493792348677,0.0299459202242163,1259.2685546875,0.03855820215018083,1
2022-05-31,1197.88720703125,6.465105606257566,8.397660268017034,0.0162230377386825,1.9433369366354327,0.0053970904508448,65.77740594428778,-0.778974705982364,69.42812497899038,0.6959650267588415,0.0239682170647002,1261.6346435546875,0.053216560081165036,1
2022-06-01,1198.2742919921875,7.631101393299104,9.092927023088125,0.0150371204351172,1.8018594842990296,0.0063684095071521,72.00182550308494,6.224419558797166,67.6610510363684,-1.7670739426219768,0.0148092229306118,1239.4757080078125,0.0343839605764434,1
2022-06-02,1239.5892333984375,13.726573520446207,11.803494147365882,0.0435140746265774,5.393957840839903,0.0110734855955578,74.99153183669057,2.989706333605625,81.9566582964227,14.295607260054297,0.0361377491175062,1273.4649658203125,0.02732819187933881,1
2022-06-03,1264.705810546875,21.057335184983003,15.427293861993576,0.0568268380876041,7.18692323243954,0.0166499869055532,77.09158982158353,2.100057984892956,81.05662999380971,-0.9000283026129949,0.0271092202695878,1235.0164794921875,-0.023475286352839204,-1
2022-06-06,1259.2685546875,25.10131821504001,18.25639698591885,0.0479585594768399,6.0392705877297885,0.019933252618437,71.27808797070293,-5.813501850880599,76.29464678587367,-4.761983207936041,0.0224747773539142,1211.6513671875,-0.037813369771483474,-1
2022-06-07,1261.6346435546875,27.764301355922957,20.784675620320968,0.0452218477505989,5.705344976770903,0.0220066098357099,71.07152796836994,-0.2065600023329921,75.44656988075255,-0.8480769051211183,0.0140834254456185,1195.8170166015625,-0.052168531745198574,-1
2022-06-08,1239.4757080078125,26.17656453815084,21.77340654502177,0.0255933096956716,3.172228565530532,0.0211190621720404,72.34630178633329,1.27477381796335,59.01815451832773,-16.428415362424822,0.0237513742209834,1181.34765625,-0.04689729002534523,-1
2022-06-09,1273.4649658203125,28.988338732516013,24.316400870468897,0.0469096271921652,5.973776678891454,0.0227633578547981,68.28961103160009,-4.0566907547331965,71.5566019728826,12.538447454554875,0.0332290801611534,1164.830810546875,-0.08530596301364282,-1
2022-06-10,1235.0164794921875,25.34204776155548,24.4633319118459,0.015670957958349,1.9353891327989456,0.0205196029222019,59.87669374553238,-8.41291728606771,49.67704436898613,-21.879557603896476,0.0325688845854295,1178.4810791015625,-0.04577704130221093,-1
2022-06-13,1211.6513671875,19.18375560548202,23.29663189333473,-0.0030095823130498,-0.3646564524269706,0.0158327354922328,54.01548264784876,-5.861211097683615,19.86984813178022,-29.80719623720591,0.0212174432327308,1157.118408203125,-0.0450071369217018,-1
2022-06-14,1195.8170166015625,12.362598840297096,21.376003658308942,-0.0148098936389046,-1.7709922827461924,0.0103382028091813,51.30509821456145,-2.7103844332873166,-7.979454864676111,-27.84930299645633,0.0222214349466354,1175.7965087890625,-0.016742116506584793,-1
2022-06-15,1181.34765625,5.389792215915122,18.874272298817687,-0.0247631538813683,-2.925389379911394,0.0045624098777356,50.73752009834748,-0.5675781162139657,-33.56062440391583,-25.58116953923972,0.0203751399941463,1140.0780029296875,-0.03493438455815492,-1
2022-06-16,1164.830810546875,-1.8182385141785744,15.768059400174934,-0.0357217226803241,-4.160976318384883,0.0,48.83488987717946,-1.9026302211680248,-63.61081363468058,-30.05018923076475,0.0410351843955268,1121.5819091796875,-0.0371289126073877,-1
2022-06-17,1178.4810791015625,-5.085634300716038,13.704382660335568,-0.0215682057530593,-2.541772239015245,0.0,43.64267170361303,-5.192218173566424,-68.06930881630944,-4.458495181628862,0.0265443299276505,1137.5528564453125,-0.03472963917880838,-1
2022-06-20,1157.118408203125,-10.098373271785704,10.748718090110287,-0.0367530496108802,-4.252763026235243,0.0,42.57174961499556,-1.070922088617472,-77.0655548993976,-8.996246083088153,0.0377500241307925,1134.185791015625,-0.019818729893954223,-1
2022-06-21,1175.7965087890625,-10.98604674465514,9.094336345727696,-0.0184397473991921,-2.168139061492411,0.0,46.16037760241815,3.5886279874225906,-67.02121228690935,10.04434261248825,0.0251924721371666,1150.1339111328125,-0.0218257134329133,-1
2022-06-22,1140.0780029296875,-16.082063166709986,5.770499630289578,-0.0457703103940697,-5.21817240675432,0.0,32.670300422615455,-13.490077179802697,-82.73578229801333,-15.714570011103987,0.0228687992257318,1173.999267578125,0.029753459466167368,1
2022-06-23,1121.5819091796875,-21.789196923886493,1.8906284920099097,-0.0572874447478432,-6.425256165231076,0.0,24.486929804137475,-8.18337061847798,-86.279905384449,-3.544123086435661,0.0324550708519769,1181.0518798828125,0.05302329702038496,1
2022-06-24,1137.5528564453125,-23.287163132991736,-0.6793548306966386,-0.0385849118715477,-4.389237671517094,0.0,29.08844806606497,4.601518261927495,-77.49079866828056,8.789106716168433,0.0171996462860778,1095.9874267578125,-0.03653933920695864,-1
2022-06-27,1134.185791015625,-24.31802332448001,-3.0957149303856117,-0.0378801511735796,-4.296312922259403,0.0,28.17850942846502,-0.90993863759995,-75.40300618005088,2.087792488229681,0.0254348358277281,1098.2623291015625,-0.03167334858065384,-1
2022-06-28,1150.1339111328125,-22.461443579346223,-4.370812141773058,-0.0213532519552852,-2.4559099186737967,0.0,34.370705023238244,6.192195594773224,-64.51670754898481,10.886298631066069,0.0205126724017678,1107.157958984375,-0.03736604210383535,-1
2022-06-29,1173.999267578125,-17.56110920452693,-4.235269668301271,-0.0005372023960265,-0.063067521947687,0.0,31.96067413989072,-2.4100308833475275,-43.38949736301678,21.127210185968032,0.0372072181422952,1097.4207763671875,-0.06522873848883513,-1
2022-06-30,1181.0518798828125,-12.815355824654716,-3.7372088694178274,0.0049431567929925,0.5838124622916894,0.0,38.95505249671709,6.99437835682637,-13.565721937248664,29.823775425768115,0.0192244433275735,1086.6142578125,-0.0799606043382979,-1
2022-07-01,1095.9874267578125,-20.370956252782435,-7.686130315822766,-0.0657160230523402,-7.202393500189146,0.0,31.100339129910964,-7.8547133668061235,-43.41283211064493,-29.847110173396263,0.0942416316883159,1088.1158447265625,-0.0071821827870197225,0
2022-07-04,1098.2623291015625,-25.00304096989953,-10.99027840876056,-0.0577350327214377,-6.340821150740339,0.0,33.32029570509637,2.2199565751854067,-55.06864198947158,-11.655809878826652,0.0314454946439825,1102.9036865234375,0.004226091798734351,0
2022-07-05,1107.157958984375,-26.60502743234269,-13.377228038208614,-0.04476045354129,-4.955689238599007,0.0,37.068728536960045,3.748432831863674,-54.32646092517236,0.742181064299217,0.0196445088851038,1101.3338623046875,-0.005260402666508486,0
2022-07-06,1097.4207763671875,-28.47888977102707,-15.917743471812171,-0.049118538403092,-5.390370454834283,0.0,37.96601423185094,0.8972856948908969,-58.82896291308863,-4.502501987916268,0.0223686415472429,1081.8138427734375,-0.014221467216443563,-1
2022-07-07,1086.6142578125,-30.647549623317676,-18.6386099844824,-0.0541383247323081,-5.882747554821208,0.0,33.43178630948843,-4.534227922362511,-69.70505139061008,-10.87608847752145,0.0243917378221575,1090.7320556640625,0.003789567293044892,0
2022-07-08,1088.1158447265625,-31.3646249822159,-20.87105445994007,-0.0478942058103719,-5.2114444212859325,0.0,36.59504475598703,3.1632584464986024,-74.2059694787532,-4.500918088143123,0.0148240067435442,1092.847900390625,0.004348852823893617,0
2022-07-11,1102.9036865234375,-29.296181364024733,-21.98212089834442,-0.0307672150689672,-3.393327492362232,0.0,35.621969753881885,-0.9730750021051476,-63.77161151201776,10.43435796673544,0.0242583518454598,1102.1529541015625,-0.0006806871996606083,0
2022-07-12,1101.3338623046875,-27.44794195839154,-22.955353011295077,-0.0293058678930874,-3.227554467488517,0.0,41.167942440469766,5.545972686587881,-59.81270258328648,3.958908928731283,0.0147493615017493,1108.909912109375,0.006878976542892824,0
2022-07-13,1081.8138427734375,-28.14983702500922,-24.73263214806775,-0.0435258587839064,-4.708687655103176,0.0,40.97665308003629,-0.1912893604334726,-74.85242471621582,-15.039722132929342,0.025656663715886,1138.89501953125,0.05276432460087028,1
2022-07-14,1090.7320556640625,-26.90636442940377,-25.735793179965185,-0.0318123823038268,-3.4698785145826605,0.0,39.02513977670064,-1.951513303335652,-74.61277862199313,0.2396460942226923,0.0237782837109679,1131.2962646484375,0.03718989349742599,1
2022-07-15,1092.847900390625,-25.205740267823103,-26.4108695118714,-0.0271042794848338,-2.962085492660208,0.0,40.25316892895382,1.2280291522531783,-72.64088009264819,1.9718985293449407,0.0132816666833695,1138.940673828125,0.04217675069058074,1
2022-07-18,1102.1529541015625,-22.272196125515396,-26.425342071573823,-0.0167571208037211,-1.8468910196058916,0.0,38.320972687727306,-1.9321962412265137,-63.50645344255681,9.134426650091378,0.0134998621359909,1101.31103515625,-0.0007638857584869457,0
2022-07-19,1108.909912109375,-18.860752324362466,-25.99448483072615,-0.0096015277217499,-1.0647229262040128,0.0,32.7171906278199,-5.603782059907402,-53.01883454099075,10.48761890156606,0.0191621904601585,1101.8115234375,-0.006401231149942923,0
2022-07-20,1138.89501953125,-12.130156695939831,-23.975452508246462,0.0154359172133776,1.757988923621042,0.0,40.02153171015291,7.3043410823330035,-17.586028889723266,35.432805651267486,0.0224730203073955,1100.7652587890625,-0.03347960969912843,-1
2022-07-21,1131.2962646484375,-8.12391231306242,-22.519279867551177,0.0080206739707662,0.9073758503091084,0.0,63.19725296384979,23.175721253696885,5.290012303305578,22.876041193028843,0.0131520910937579,1118.0101318359375,-0.011744167489697147,-1
2022-07-22,1138.940673828125,-4.123283517471464,-20.77195184636298,0.0133442720997818,1.51983342570702,0.0,64.6174658444597,1.4202128806099097,27.535620852950466,22.24560854964489,0.0085094561195078,1141.829833984375,0.0025367082084610817,0
2022-07-25,1101.31103515625,-6.152523113512643,-21.116915995042973,-0.0185161995763127,-2.0392094922549404,0.0,48.25856863634777,-16.358897208111934,-5.338349059341652,-32.87396991229212,0.0266278203130293,1171.5877685546875,0.06381188524862723,1
2022-07-26,1101.8115234375,-7.397324909872395,-21.31706651323657,-0.0164123158817578,-1.8083278764815989,0.0,51.38386910858192,3.1253004722341515,-22.379659562651817,-17.041310503310164,0.0134421090541193,1176.0467529296875,0.06737561544154469,1
2022-07-27,1100.7652587890625,-8.265435176085703,-21.469974348696724,-0.0157985491213455,-1.7390494012049658,0.0,54.75248539510096,3.3686162865190425,-32.538334028825204,-10.158674466173387,0.0103339760884595,1185.920654296875,0.0773601772293312,1
2022-07-28,1118.0101318359375,-6.4477937485442,-20.635542213792636,-0.0001184092092224,-0.0132382695612705,0.0,59.079604387977405,4.327118992876443,-15.882436392772822,16.65589763605238,0.0191078386824279,1170.245361328125,0.04672160654430703,1
2022-07-29,1141.829833984375,-1.904494603547619,-18.60182707504873,0.0188591383184941,2.153392677529609,0.0,61.20788734295292,2.128282954975518,22.100823221119605,37.98325961389243,0.021159993477557,1153.0003662109375,0.009783009599235396,0
2022-08-01,1171.5877685546875,5.254021343633895,-15.22089271734194,0.0397998051116274,4.662896485963984,0.0,67.4030843664953,6.195197023542384,58.72741845886207,36.626595237742464,0.0311280657085959,1168.0841064453125,-0.002990524656720548,0
2022-08-02,1176.0467529296875,10.794979631416028,-11.983084931983283,0.0394912788098047,4.644359021331184,0.0,75.22534180325727,7.822257436761959,70.27877400796186,11.551355549099789,0.017894099653637,1175.0684814453125,-0.0008318304369600925,0
2022-08-03,1185.920654296875,15.791321436015096,-8.601917152414444,0.0431712858976982,5.119771961863535,0.0,75.35145833834542,0.1261165350881583,83.98066450694357,13.701890498981712,0.0163254304220677,1178.9815673828125,-0.005851223594867434,0
2022-08-04,1170.245361328125,16.946699969916153,-6.428311893591172,0.0275951661108145,3.229311513626044,0.0,69.22465840483,-6.126799933515429,71.48695058963143,-12.493713917312135,0.0321746370743722,1198.046630859375,0.02375678678161819,1
2022-08-05,1153.0003662109375,15.156782403348188,-5.398332673961932,0.0118647916420043,1.368010910824751,0.0,62.15065644850392,-7.074001956326072,47.504513047512106,-23.982437542119328,0.0204616736622755,1206.3734130859375,0.04629057235289341,1
2022-08-08,1168.0841064453125,15.565679661736567,-3.6997320504981417,0.0223861910315812,2.614895394783844,0.0,63.599256011244,1.4485995627400785,50.272241890174826,2.76772884266272,0.0204701843842552,1212.6754150390625,0.038174741311607495,1
2022-08-10,1175.0684814453125,16.45748091187511,-1.841869938914897,0.0256335767744791,3.012120813439651,0.0,59.296062459571495,-4.303193551672507,58.75642074085533,8.484178850680507,0.0127202392359149,1214.87451171875,0.03387549823860208,1
2022-08-11,1178.9815673828125,17.269412658071133,-0.0102912103204744,0.026243215495534,3.0940267338094145,0.0,62.49106269225604,3.195000232684542,67.00581069371387,8.249389952858536,0.0114623113885049,1193.213623046875,0.012071482759188368,1
2022-08-12,1198.046630859375,19.99812197234337,2.5750581662425702,0.0379445928720448,4.545939164968104,0.0166922734534952,64.60861148858214,2.117548796326105,80.67310459165574,13.667293897941876,0.022464780929157,1189.904052734375,-0.006796545238943846,0
2022-08-16,1206.3734130859375,22.616925780420843,5.254465942987281,0.0405318296766835,4.889652170567842,0.018747864910721,80.365641884335,15.757030395752864,88.40244080609061,7.729336214434866,0.0113151844231997,1208.2552490234375,0.0015599116468309842,0
2022-08-17,1212.6754150390625,24.839233259159528,7.901808073752818,0.0413799731000905,5.018047605346055,0.0204830022536241,81.00272751168325,0.6370856273482417,90.02537781221497,1.62293700612436,0.0080108107636012,1205.0369873046875,-0.0062988229493618885,0
2022-08-18,1214.87451171875,26.197529358446676,10.299611695211752,0.0391956477269418,4.761779339376517,0.0215639797409062,81.70585198646813,0.7031244747848859,91.99761700788925,1.9722391956742769,0.0108217314034757,1201.52197265625,-0.010990879250244065,-1
2022-08-19,1193.213623046875,23.78433860590917,11.237506133072884,0.0197761621683107,2.359718611081007,0.0199330096024011,70.39517984539752,-11.310672141070611,72.14129130385845,-19.856325704030795,0.0217113260869145,1195.1080322265625,0.0015876529928062,0
2022-08-22,1189.904052734375,21.162960384172493,11.845555550583413,0.0154998102973032,1.8443287089373823,0.0177854343260201,64.66968038584346,-5.725499459554058,52.96012287711896,-19.18116842673949,0.0173789127821329,1185.818359375,-0.0034336326109539344,0
2022-08-23,1208.2552490234375,21.29167912627236,13.28305607796642,0.0276841589317071,3.3449530344034883,0.0176218387161828,62.026148605690615,-2.6435317801528484,60.41806904648909,7.457946169370125,0.0233678875052341,1204.2152099609375,-0.003343696678135956,0
2022-08-24,1205.0369873046875,20.52995742274402,14.3249091197099,0.02280674515975,2.748297147753192,0.0170367861227759,59.58619453652141,-2.439954069169204,60.22711013771609,-0.1909589087729983,0.0131262415008795,1168.81396484375,-0.030059676875112126,-1
2022-08-25,1201.52197265625,19.11505212454108,15.00213326839048,0.0181345428204221,2.1789051662806287,0.0159090325100609,55.38535958860818,-4.200834947913229,55.231667581775945,-4.995442555940144,0.01531121385271,1155.1646728515625,-0.03858214902404462,-1
2022-08-26,1195.1080322265625,16.88621676384105,15.20860616296477,0.0116954898397385,1.3977373848297248,0.0141294479733193,59.168462021162526,3.783102432554344,43.48186414518543,-11.749803436590511,0.01642474338296,1173.10498046875,-0.01841093119993463,-1
2022-08-29,1185.818359375,13.749280846195006,14.85451345943534,0.0035937598089749,0.4261546360667125,0.0115947613203102,62.85642144405858,3.687959422896057,23.09581448652008,-20.386049658665357,0.0296229604163369,1185.4532470703125,-0.00030789901488785927,0
2022-08-30,1204.2152099609375,13.66923015619068,15.443273201581178,0.0171053666390737,2.059854267872879,0.0113511522218973,63.7962054911495,0.9397840470909172,33.812756958327704,10.716942471807624,0.0260240321642794,1178.5601806640625,-0.021304355803400957,-1
2022-09-01,1168.81396484375,8.687834245725071,14.072452557820045,-0.0115133824727852,-1.3457002216778164,0.0074330342612618,48.037646907427735,-15.758558583721763,-21.109985722726783,-54.92274268105449,0.0211881054126271,1180.2261962890625,0.009763941729459158,0
2022-09-02,1155.1646728515625,3.197792042466972,12.119375038511636,-0.0213320976858519,-2.4642085644513827,0.0027682564379095,42.95770174220254,-5.0799451652251975,-59.43725498567033,-38.327269262943545,0.0196206160351005,1172.8768310546875,0.015333015819642361,1
2022-09-05,1173.10498046875,1.6071401304516255,11.297667705820231,-0.0051935040604412,-0.6092525479389224,0.0013699883277362,42.57574612439719,-0.381955617805346,-48.852378514339954,10.584876471330375,0.0196513721561524,1186.0009765625,0.010993045216291734,1
2022-09-06,1185.4532470703125,2.0714588346768323,11.178002470553338,0.0047973527406915,0.5687037383797815,0.0017473981701061,43.91840100838332,1.3426548839861283,-24.772336093778115,24.08004242056184,0.0130928240800157,1195.906982421875,0.008818344694231928,0
2022-09-07,1178.5601806640625,1.4527672017998157,10.67730568623324,-0.0009302791986372,-0.1096390020416038,0.0012326627232405,40.11649208179201,-3.8019089265913095,-23.53454946623957,1.2377866275385436,0.0096446102952271,1181.572998046875,0.00255635429759295,0
2022-09-08,1180.2261962890625,1.204729367658956,10.28803370305286,0.0004387645862656,0.0517841458713519,0.0010207614196727,39.930952426562456,-0.1855396552295545,-20.38407768945976,3.15047177677981,0.0104432199280158,1169.8638916015625,-0.008779931101412404,0
2022-09-09,1172.8768310546875,0.0399429517794942,9.5314366781663,-0.005295079581465,-0.6210476159692462,3.405553824741879e-05,43.55378289970075,3.622830473138293,-29.99443170770021,-9.610354018240448,0.0179037182531177,1140.8763427734375,-0.02728375856182116,-1
2022-09-12,1186.0009765625,0.9389223112382296,9.51504595477195,0.005299450908594,0.6285153952837845,0.0007916707741334,48.83529648323212,5.281513583531371,-14.8451372773386,15.149294430361609,0.0159543605534603,1142.3599853515625,-0.03679675824334172,-1
2022-09-13,1195.906982421875,2.856384803274068,9.978883073398038,0.012308010914956,1.4719236192920562,0.0023884673684982,46.11961722855119,-2.7156792546809285,7.764173600130858,22.609310877469454,0.0109552026383842,1142.54248046875,-0.04462261926513264,-1
2022-09-14,1181.572998046875,2.272221247323841,9.607469303531616,0.000296409046213,0.0350228925383362,0.0019230477093499,43.10803649477484,-3.011580733776356,-0.2491769040881115,-8.01335050421897,0.0143913468995505,1145.6923828125,-0.030366820580434044,-1
2022-09-15,1169.8638916015625,0.2757134170187783,8.643526749600142,-0.0088268835075409,-1.032625229084715,0.0002356799102853,41.12827691333015,-1.979759581444689,-20.609917696050363,-20.36074079196225,0.0182619482913925,1134.896240234375,-0.02989035871456484,-1
2022-09-16,1140.8763427734375,-4.947974559961494,6.272300687315919,-0.0313266371289474,-3.573981919906373,0.0,36.50918587349307,-4.61909103983708,-58.66888936014853,-38.058971664098166,0.0248079799400794,1113.62353515625,-0.023887608670135722,-1
2022-09-19,1142.3599853515625,-8.346710476658473,4.25550971204234,-0.0272610903267272,-3.1141978746313725,0.0,38.75235924612806,2.243173372634992,-66.81861750406233,-8.149728143913798,0.0165237978817599,1085.2523193359375,-0.04999095446961936,-1
2022-09-20,1142.54248046875,-10.557272665467508,2.4882258637189807,-0.0246336443489044,-2.8144985117380656,0.0,32.37665089288268,-6.375708353245379,-68.85921998946408,-2.040602485401749,0.0171805115695551,1093.8800048828125,-0.042591392808408124,-1
2022-09-21,1145.6923828125,-11.493394659577689,1.0985674511750858,-0.0198332491883229,-2.272280252148448,0.0,41.89984844182459,9.523197548941909,-65.3352888292678,3.523931160196284,0.0151409440053926,1064.7554931640625,-0.07064452104477624,-1
2022-09-22,1134.896240234375,-13.340784596791991,-0.6772220172999823,-0.0268498274926689,-3.0471768272373083,0.0,42.75454589091608,0.8546974490914891,-73.98090786320564,-8.645619033937848,0.0124290267674124,1061.4915771484375,-0.06467962487106153,-1
2022-09-23,1113.62353515625,-17.170894621307298,-3.32551228964212,-0.0422408730002576,-4.704043031863421,0.0,29.231685923107207,-13.52285996780887,-86.51560396079356,-12.534696097587911,0.0245336823238955,1085.4349365234375,-0.025312502603366246,-1
2022-09-26,1085.2523193359375,-23.25767965299974,-7.093384781009718,-0.0631706016407736,-6.85560419444937,0.0,18.534868066980792,-10.696817856126415,-93.50148697557285,-6.98588301477929,0.0179401579358742,1081.6688232421875,-0.0033019934902721332,0
2022-09-27,1093.8800048828125,-25.958686529798342,-9.913113605161016,-0.0498046620787019,-5.4480323997838696,0.0,23.695267044041188,5.160398977060396,-82.17813674552933,11.323350230043516,0.0275013055674739,1101.61767578125,0.007073601184680616,0
2022-09-28,1064.7554931640625,-31.16850229404145,-13.846182654122686,-0.0713820183074438,-7.600439610598869,0.0,19.357910858528925,-4.337356185512263,-90.11751203018792,-7.939375284658595,0.0218225608398022,1105.6802978515625,0.03843587091143949,1
2022-09-29,1061.4915771484375,-34.65113872951656,-17.400844032262057,-0.0678875871274693,-7.206210192874096,0.0,19.78694829860613,0.4290374400772059,-91.2547259724462,-1.1372139422582703,0.0234378279260314,1110.359619140625,0.04603714531910399,1
2022-09-30,1085.4349365234375,-33.26950843809482,-19.20587962111881,-0.0403011824482081,-4.374431141249033,0.0,24.23394948479596,4.44700118618983,-74.02806707005963,17.22665890238656,0.0382714500222374,1098.2396240234375,0.01179682638649204,1
2022-10-03,1081.6688232421875,-32.115026977292246,-20.90868347932519,-0.0399302395040528,-4.319129517612737,0.0,19.780236103459785,-4.453713381336176,-67.53119137271715,6.496875697342489,0.0227684338325286,1076.3734130859375,-0.004895592849184254,0
2022-10-04,1101.61767578125,-28.030392237710885,-21.29021609952088,-0.0191804232729273,-2.112949330642323,0.0,29.459365548869584,9.6791294454098,-49.15310870804589,18.37808266467125,0.0115407043019238,1084.2935791015625,-0.015726051842261446,-1
2022-10-06,1105.6802978515625,-24.04252048861781,-21.337550344900137,-0.0140323903008136,-1.5515337487372562,-0.021744549971031,32.83684109506406,3.377475546194475,-30.78088226711597,18.37222644092992,0.0131497114723184,1087.7401123046875,-0.01622547275350245,-1
2022-10-07,1110.359619140625,-20.12264937577379,-21.06093423467405,-0.0088718318343296,-0.9850923816645718,-0.0181226415558483,40.62019506038137,7.7833539653173105,-13.505099876168943,17.27578239094703,0.0120254347683535,1082.2164306640625,-0.025346012221107453,-1
2022-10-10,1098.2396240234375,-18.536019677519107,-21.370766847719096,-0.0181868894822311,-1.9973562667121316,-0.0168779374483066,37.27117385785908,-3.3490212025222874,-14.870207098888896,-1.3651072227199528,0.0123036036741273,1099.5863037109375,0.001226216627083982,0
2022-10-11,1076.3734130859375,-19.91101587908156,-22.69553790633654,-0.0353373256529388,-3.8036157822382393,-0.0184982420013489,33.0329245595441,-4.238249298314983,-35.58650966963936,-20.716302570750464,0.0266762632410961,1118.9873046875,0.03959024914912146,1
2022-10-12,1084.2935791015625,-19.44097087047589,-23.362314962409076,-0.0252497800387835,-2.7378174369782755,-0.017929619104251,34.63207404777516,1.5991494882310633,-34.4422154070045,1.1442942626348651,0.0162509858142965,1138.4569091796875,0.049952643012978394,1
2022-10-13,1087.7401123046875,-18.263293860537036,-23.68325375859422,-0.0200011355452687,-2.175603742422936,-0.0167901262939003,37.74613021166071,3.11405616388555,-28.795563919863227,5.64665148714127,0.014226896362629,1141.5155029296875,0.04943771955882137,1
2022-10-14,1082.2164306640625,-17.786969445499835,-24.164680265175093,-0.0229156977308114,-2.4799744604415537,-0.0164356860065278,41.11107195593247,3.3649417442717606,-22.732961521299465,6.062602398563762,0.0199308599968491,1128.2769775390625,0.04256130804328727,1
2022-10-17,1099.5863037109375,-14.809949268196988,-23.6011211017792,-0.0061426999098459,-0.6754428688673215,-0.0134686556373207,54.32625210926159,13.215180153329117,5.921449944745564,28.65441146604503,0.0292267004709584,1132.043212890625,0.029517382191966507,1
2022-10-18,1118.9873046875,-9.858188423319008,-22.021842562407077,0.010274364910058,1.1496883898078067,-0.0088099198105489,57.11512316958001,2.788871060318421,45.00836430278432,39.086914358038754,0.0174808777440292,1114.559326171875,-0.0039571302525738695,0
2022-10-19,1138.4569091796875,-3.6011733285058654,-19.557477678822806,0.0247276404184214,2.815135308206436,-0.0031632056509724,72.09523433108488,14.980111161504873,58.897265840054025,13.888901537269703,0.0345443659645193,1118.941650390625,-0.01714185107201306,-1
2022-10-20,1141.5155029296875,1.2973632577966328,-17.177169359635855,0.024855272543755,2.837267893823764,0.0,74.02025516821902,1.9250208371341413,67.51831985528159,8.621054015227564,0.0135966705398948,1153.1790771484375,0.010217622265151511,1
2022-10-21,1128.2769775390625,2.996373403730331,-15.721218951804984,0.0121940992157178,1.3758321406924097,0.0,63.74277936496003,-10.277475803258994,53.90577268587634,-13.612547169405246,0.020148869661404,1163.8837890625,0.03155857314495699,1
2022-10-24,1132.043212890625,4.631717070177274,-14.198796557980812,0.0140731511426189,1.5931415234983888,0.0,66.15897758393982,2.416198218979787,51.03447165226655,-2.8713010336097966,0.0190333424814491,1154.867919921875,0.020162399077476967,1
2022-10-25,1114.559326171875,3.3985867183305345,-13.722233543281163,-0.0012662741940892,-0.1411337712513614,0.0,54.218097499490725,-11.940880084449091,29.04506585105469,-21.989405801211856,0.024984128772531,1162.08056640625,0.04263679744854317,1
2022-10-27,1118.941650390625,3.033474766591325,-13.030526330031762,0.0024137959498684,0.2700896823851053,0.0,54.31330961159289,0.0952121121021676,23.03965162295357,-6.00541422810112,0.0145442337695917,1166.4173583984375,0.04242911861511155,1
2022-10-28,1153.1790771484375,7.209856197870522,-10.61005759005161,0.0291197567061191,3.35802941651491,0.0,61.68117362865418,7.367864017061287,57.459076812453205,34.419425189499634,0.0299071869391584,1183.5816650390625,0.026364151494843304,1
2022-10-31,1163.8837890625,11.422868750159296,-7.904734161748138,0.0345903060202219,4.025909643564773,0.0,68.04712360616941,6.365949977515228,74.66563892645428,17.206562114001073,0.011276336272251,1189.904052734375,0.02235641042206983,1
2022-11-01,1154.867919921875,12.987099480783629,-5.979675796125775,0.0245940972249771,2.840293390456509,0.0,73.22069422265942,5.173570616490011,58.32289034214833,-16.34274858430595,0.0363657065474686,1188.7171630859375,0.029310055790927457,1
2022-11-02,1162.08056640625,14.777870758349309,-3.904088097740896,0.0278619239401887,3.2377800353583552,0.0,73.10812349552475,-0.1125707271346669,57.94473071041899,-0.3781596317293392,0.0138274733401073,1174.337646484375,0.010547530379954798,1
2022-11-03,1166.4173583984375,16.315007564524194,-1.8530843255880427,0.0286148880520319,3.33769021325179,0.0,73.24961618820052,0.1414926926757687,61.57322648998325,3.628495779564261,0.0135021501514957,1201.4078369140625,0.029998249137572052,1
2022-11-04,1183.5816650390625,19.32617471231561,0.8322328037952502,0.0388199266576285,4.594655343012846,0.0,78.0259420462032,4.776325858002679,78.17170585221747,16.598479362234222,0.0188602154135696,1195.5875244140625,0.010143667927302475,1
2022-11-07,1189.904052734375,21.895067550294016,3.501555746672693,0.0399336560756764,4.751721920494674,0.0,76.5962234579839,-1.429718588219302,85.86601159785631,7.694305745638843,0.0139261856147564,1190.2236328125,0.00026857634226105167,0
2022-11-09,1188.7171630859375,23.113277632396603,5.759212307656526,0.0354318779293714,4.211848141500923,0.0,73.00097846176148,-3.5952449962224198,83.6347532512649,-2.2312583465914173,0.012250449480431,1183.3990478515625,-0.004473827247996528,0
2022-11-10,1174.337646484375,21.619484043124658,6.967282376857156,0.0214735862509308,2.5217240739498266,0.0184099386644438,62.24681199986333,-10.754166461898144,66.41357747792811,-17.221175773336782,0.0130417513100207,1186.45751953125,0.010320603348754398,1
2022-11-11,1201.4078369140625,23.68118057090919,9.396970953711843,0.039565272403848,4.753402833562177,0.0197111920226329,67.56355826024699,5.31674626038366,81.3579692470898,14.944391769161683,0.0182384552213657,1185.818359375,-0.012976007863495922,-1
2022-11-14,1195.5875244140625,23.89625464467781,11.18478628036314,0.031717928697149,3.792155985056525,0.0199870391390952,70.63683588077666,3.073277620529666,79.67250729377123,-1.6854619533185655,0.0140700521269395,1164.477294921875,-0.026020871627473786,-1
2022-11-15,1190.2236328125,22.861225200780154,12.429183929299144,0.0248674949903549,2.959788022636758,0.0192075040106194,67.66456546297147,-2.9722704178051917,73.17964125079054,-6.492866042980694,0.0139607936390708,1170.9366455078125,-0.016204507096798545,-1
2022-11-16,1183.3990478515625,20.77138564556208,13.118994118697856,0.0174945177904535,2.0702995695844493,0.0175523089048213,72.34738818479457,4.682822721823101,62.80094944005671,-10.378691810733828,0.0133469637134493,1167.28466796875,-0.013617029616567494,-1
2022-11-17,1186.45751953125,19.275714854446505,13.83283490885674,0.0182065801953796,2.160133397775553,0.0162464433299405,72.10764712183689,-0.2397410629576768,58.19466630746034,-4.606283132596374,0.0126969446119708,1177.3504638671875,-0.00767583795807586,0
2022-11-18,1185.818359375,17.744831348201387,14.373976928159664,0.0160703547092651,1.905652165591846,0.0149642069613039,63.70250034591791,-8.405146775918979,48.27060450410418,-9.92406180335616,0.0145901109015422,1194.925537109375,0.0076800782028497595,0
2022-11-21,1164.477294921875,13.50154502472492,13.692195763206657,-0.0017835101615373,-0.2076857088372889,0.0115945111884991,50.22873584632263,-13.473764499595283,10.47398832684231,-37.79661617726187,0.0176016051514159,1235.987548828125,0.061409745143246985,1
2022-11-22,1170.9366455078125,11.07668063002211,13.381792919425834,0.0034024769940121,0.3984084997787249,0.0094596754423192,56.31733782532118,6.088601978998554,-4.074684113360196,-14.548672440202504,0.0124753478880257,1238.110107421875,0.057367289828845244,1
2022-11-23,1167.28466796875,8.65880611591001,12.874184491753113,0.0002586480229302,0.0301915871566507,0.0074179044354087,52.104897273192286,-4.212440552128896,-22.962268590019875,-18.88758447665968,0.0100311362131745,1246.85205078125,0.06816450605057561,1
2022-11-24,1177.3504638671875,8.096043676112458,12.905256831345923,0.0080054264277668,0.9425192518185668,0.0068764942339426,54.22624002234768,2.121342749155396,-21.27806983035495,1.6841987596649233,0.0177581540676162,1243.17724609375,0.055910949412925334,1
2022-11-25,1194.925537109375,9.842412302479945,13.794903991348065,0.0205416114925219,2.454569614579441,0.0082368415410131,54.37114234188129,0.1449023195336067,14.369620363102747,35.6476901934577,0.016350859266403,1242.6522216796875,0.0399411369898139,1
2022-11-28,1235.987548828125,16.270363126566053,16.64541315402562,0.0482556404734809,5.964337078595008,0.0131638568220142,64.0072871910179,9.636144849136606,63.01875626616776,48.649135903065016,0.0809034071492672,1224.5294189453125,-0.00927042500846896,0
2022-11-29,1238.110107421875,20.76540447153184,19.185543033923523,0.0453520608175622,5.61508448906352,0.0167718560304557,64.92829656849182,0.921009377473922,74.68061289345927,11.661856627291506,0.0138817356870322,1228.067138671875,-0.008111531187571469,0
2022-11-30,1246.85205078125,24.67214536927395,21.787697958172885,0.0473139085159959,5.899344386364419,0.0197875484535754,72.68962577498831,7.761329206496498,82.26692989370659,7.58631700024732,0.0172991702627113,1209.9443359375,-0.029600717118462003,-1
2022-12-01,1243.17724609375,26.45351012852529,23.792887229168173,0.0404525357396399,5.0289671978314345,0.0212789529503103,65.31125463913006,-7.378371135858259,78.35154323855164,-3.915386655154947,0.0143207968044215,1209.3736572265625,-0.027191286659568024,-1
2022-12-02,1242.6522216796875,27.109704022542928,25.43233689106023,0.0364064763298159,4.524058869477358,0.0218160025384243,67.94914051719803,2.6378858780679764,76.11964058635293,-2.2319026521987126,0.0174127313174193,1191.0452880859375,-0.04152966750744882,-1
2022-12-05,1224.5294189453125,24.64624673960589,25.83680102875769,0.0201322502423058,2.465253269127288,0.0201271168812209,61.92294018271775,-6.026200334480279,59.10997318047821,-17.009667405874723,0.0144456995994984,1192.871337890625,-0.025853262947291716,-1
2022-12-06,1228.067138671875,22.871053337186822,26.280843270263176,0.0208681605353817,2.56275021980332,0.0186236180555415,65.88732499546288,3.964384812745124,53.90031712020483,-5.209656060273375,0.0133819204946656,1198.3037109375,-0.02423599394293982,-1
2022-12-07,1209.9443359375,18.77406262617092,25.63816543158282,0.005638651180249,0.6822454057869436,0.0155164680461305,57.5451365468777,-8.342188448585176,35.5720212437243,-18.32829587648053,0.0199396277510359,1193.9669189453125,-0.013205084331262011,-1
2022-12-08,1209.3736572265625,15.42298890631605,24.955922732056933,0.0046994839846342,0.568343213357366,0.0127528732035435,57.57046715508306,0.0253306082053583,25.968225195673423,-9.603796048050878,0.0093988760926267,1177.008056640625,-0.02676228342873039,-1
2022-12-09,1191.0452880859375,10.33521176459294,23.323599250221378,-0.0096515198826821,-1.1495397279138615,0.0086774297064741,58.7073394576161,1.1368723025330425,5.295245587323077,-20.672979608350342,0.0222874516891304,1171.187744140625,-0.01667236682261214,-1
2022-12-12,1192.871337890625,6.768785744503248,21.90910680768343,-0.007369039398169,-0.8790315885862583,0.00567436363797,57.41399527818832,-1.293344179427784,-3.443745811500705,-8.738991398823782,0.0145421097441741,1186.5716552734375,-0.005281108210988905,0
2022-12-13,1198.3037109375,4.823669145655913,20.876342650642982,-0.002547497166459,-0.305267530816991,0.0040254145102178,60.35984762004162,2.945852341853304,-3.105140473421434,0.338605338079271,0.0100190516150946,1196.843017578125,-0.001218967567272422,0
2022-12-14,1193.9669189453125,2.7814085788977536,19.675675823504665,-0.005626368234485,-0.6717697545782357,0.0023295524647822,55.77044382420669,-4.589403795834933,-6.691382823006308,-3.5862423495848743,0.0106862973832283,1179.8155517578125,-0.011852394704537184,-1
2022-12-15,1177.008056640625,-0.9457254291005484,17.68015870446584,-0.018287169061561,-2.152414531860813,0.0,43.75100048704561,-12.019443337161078,-23.16890916420468,-16.477526341198374,0.0170651065627915,1176.7569580078125,-0.00021333637556328789,0
2022-12-16,1171.187744140625,-4.326250602854998,15.573291024897571,-0.0212251179550682,-2.485859801691504,0.0,20.03368980093211,-23.7173106861135,-53.47836066413175,-30.309451499927068,0.0236397167531107,1142.245849609375,-0.02471157564279885,-1
2022-12-19,1186.5716552734375,-4.609012382961282,14.47279490691767,-0.0072590236540208,-0.8613351712820077,0.0,28.77022019077502,8.736530389842912,-55.67818485061595,-2.1998241864842,0.0143500549662961,1152.22021484375,-0.02895016097596857,-1
2022-12-20,1196.843017578125,-3.367068846401708,13.99094253474641,0.0012593818354662,0.1507282356244559,0.0,29.65654775974432,0.8863275689692962,-45.85483342219258,9.823351428423372,0.0228849994375499,1161.64697265625,-0.029407402980130223,-1
2022-12-21,1179.8155517578125,-4.656835214200328,12.63998699780791,-0.0119588673615867,-1.4109257694610733,0.0,26.75048083857172,-2.9060669211725987,-58.57837715590334,-12.723543733710764,0.0220158104951213,1161.5328369140625,-0.015496248389428756,-1
2022-12-22,1176.7569580078125,-5.876347275487888,11.256836541755092,-0.0132628386607028,-1.5607137676918228,0.0,26.26218741040286,-0.4882934281688591,-66.00405259352956,-7.425675437626225,0.0147024600108685,1161.0078125,-0.013383515942387096,-1
2022-12-23,1142.245849609375,-11.15167615345672,8.224609197541668,-0.0398881220730785,-4.5562041886685165,0.0,23.488795213040007,-2.7733921973628526,-78.99997292529196,-12.995920331762392,0.0392654881681856,1162.7880859375,0.01798407613838127,1
2022-12-26,1152.22021484375,-13.346655154507287,6.062427334327822,-0.0280783420595256,-3.235243332028176,0.0,26.53585757271816,3.0470623596781543,-73.66428935729155,5.335683568000405,0.0196509488139301,1175.8896484375,0.020542456458255906,1
2022-12-27,1161.64697265625,-13.391174025234475,4.639578865377644,-0.0179413571243908,-2.0841523188896645,0.0,34.209013887536344,7.673156314818183,-57.59777707479882,16.06651228249273,0.013184228278958,1167.28466796875,0.0048531915850550614,0
2022-12-28,1161.5328369140625,-13.167110768152495,3.374365239638337,-0.0164012573926609,-1.905059902825542,0.0,34.31144608891002,0.1024322013736735,-48.16266459091998,9.43511248387884,0.0111222284999372,1149.7095947265625,-0.010178999518353486,-1
2022-12-29,1161.0078125,-12.81162256462494,2.23010656744691,-0.0153280805861914,-1.7796021311198729,0.0,38.847509003411005,4.536062914500988,-40.09655395082341,8.066110640096568,0.0092006243852843,1147.6553955078125,-0.011500712440027185,-1
2022-12-30,1162.7880859375,-12.067673331658398,1.3147428725787904,-0.0125214310073808,-1.4559770794269298,0.0,38.82671483417934,-0.0207941692316637,-32.95158840083608,7.144965549987333,0.0140938265482072,1158.0863037109375,-0.004043541797017708,0
2023-01-02,1175.8896484375,-9.577450044072975,1.187804577158886,-0.0011273540043864,-0.1325643903883246,0.0,42.12383883930256,3.297124005123216,-10.032910850235483,22.9186775506006,0.0119570178667787,1185.4302978515625,0.008113558467616357,0
2023-01-03,1167.28466796875,-8.753149194321622,0.6278762215367806,-0.0077340520153207,-0.9027840338758324,0.0,40.89707806621473,-1.2267607730878254,-9.012390420896782,1.020520429338701,0.0098550769612707,1167.9010009765625,0.0005280057424938268,0
2023-01-04,1149.7095947265625,-10.301316813283163,-0.7719415515848596,-0.0210352831729818,-2.4184466891767897,0.0,40.725844912773695,-0.1712331534410367,-35.3687212622065,-26.35633084130972,0.018681431899334,1153.1790771484375,0.0030177032859329605,0
2023-01-05,1147.6553955078125,-11.45761670767206,-2.098035318198299,-0.0207844035074557,-2.3853332827743543,0.0,41.79536178344492,1.0695168706712224,-52.05280595580531,-16.684084693598813,0.0128876082971737,1128.2769775390625,-0.016885223599872917,-1
2023-01-06,1158.0863037109375,-10.674020268795855,-2.709610250664809,-0.0105365240613743,-1.2202204204197642,0.0,39.713197499625295,-2.0821642838196226,-44.33652103813765,7.716284917667664,0.0116874939591935,1126.451171875,-0.027316730829616772,-1
2023-01-09,1185.4302978515625,-6.313699914381232,-1.820620351072876,0.0116120396142374,1.376526357857074,0.0,46.33098629687565,6.617788797250356,2.012875324317014,46.34939636245466,0.0225855334144335,1115.723388671875,-0.058803043338796185,-1
2023-01-10,1167.9010009765625,-5.404922487484328,-1.94379917081028,-0.0029299131077369,-0.3421848451300775,0.0,46.18197465185417,-0.1490116450214813,8.39446544542499,6.381590121107976,0.0234521164760742,1131.5638427734375,-0.031113217792210983,-1
2023-01-11,1153.1790771484375,-6.586344153220125,-2.80548511438542,-0.0143033625589426,-1.6494338435843474,0.0,42.96995223279995,-3.2120224190542217,-14.619445269152036,-23.013910714577023,0.014607272171369,1129.692138671875,-0.02036712158760339,-1
2023-01-12,1128.2769775390625,-10.558608024098476,-4.835388912593771,-0.0333545097922091,-3.763312549565171,0.0,45.58183639130861,2.6118841585086656,-55.59680108387727,-40.97735581472523,0.0273102510052549,1128.4825439453125,0.00018219498433653275,0
2023-01-13,1126.451171875,-13.393726494261044,-6.685532312869782,-0.0318449272328687,-3.5871755599741846,0.0,41.40665453041498,-4.17518186089363,-58.9414232272656,-3.344622143388335,0.0155211289497028,1115.0615234375,-0.010111089341353081,-1
2023-01-16,1115.723388671875,-16.536474186821124,-8.832243390231724,-0.0379692829993825,-4.236321709351614,0.0,34.817351045334135,-6.589303485080848,-70.84549447505562,-11.904071247790014,0.0215416775926791,1109.4237060546875,-0.0056462763810001875,0
2023-01-17,1131.5638427734375,-16.344489204854426,-9.856932823710167,-0.021308212412353,-2.411160271995186,0.0,41.0252792148353,6.207928169501166,-55.90169046881046,14.94380400624516,0.0130707704574188,1102.873046875,-0.025354995285212546,-1
2023-01-18,1129.692138671875,-16.124329873267698,-10.81355203173598,-0.0209094028460987,-2.362118801956285,0.0,40.69702842189852,-0.3282507929367781,-51.211408162408944,4.690282306401514,0.0124256789883821,1087.6259765625,-0.0372368370721161,-1
2023-01-19,1128.4825439453125,-15.801753292335434,-11.67307886763524,-0.0200033567034122,-2.257343886011313,0.0,39.77415380450484,-0.9228746173936812,-50.43035524120189,0.7810529212070563,0.0099108170910957,1066.9923095703125,-0.054489309298505095,-1
2023-01-20,1115.0615234375,-17.016797730230792,-13.075987221613786,-0.0293456774368346,-3.272223578902413,0.0,31.9027294953724,-7.87142430913244,-66.55055279507079,-16.1201975538689,0.0154544289965488,1077.218017578125,-0.03393849134235341,-1
2023-01-23,1109.4237060546875,-18.27246582284465,-14.546165159417342,-0.0314332345887694,-3.487277561075871,0.0,32.476111535449874,0.5733820400774725,-80.45746345888412,-13.906910663813337,0.0169526408771084,1074.5245361328125,-0.03145702559933823,-1
2023-01-24,1102.873046875,-19.651358794291127,-16.117045686005213,-0.0341450614810273,-3.7657667991315975,0.0,34.7999673564854,2.3238558210355293,-76.82360650306576,3.6338569558183593,0.0233034445737936,1068.156494140625,-0.03147828558576587,-1
2023-01-25,1087.6259765625,-22.23147702131314,-18.21983072293688,-0.0442203640555175,-4.8095216639833325,0.0,32.055072453190974,-2.74489490329443,-87.94525984022772,-11.12165333716196,0.0145642223733065,1062.2447509765625,-0.023336354714656796,-1
2023-01-27,1066.9923095703125,-26.31615371573093,-21.058157549004363,-0.0585578759485128,-6.248080330183484,-0.0246638644718336,24.33435412333124,-7.720718329859732,-84.8052102512991,3.140049588928619,0.0323871135519188,1063.1806640625,-0.003572327067050262,0
2023-01-30,1077.218017578125,-27.32989974680368,-22.933591234295815,-0.0440993664330631,-4.750463208547444,-0.0253708156573994,16.256338772312745,-8.078015351018497,-72.0635437884892,12.741666462809905,0.0300455528445614,1055.1690673828125,-0.02046841942440255,-1
2023-01-31,1074.5245361328125,-27.84826016569832,-24.629146109943804,-0.0424696199386852,-4.5634648664354245,-0.0259168210955177,17.913805947611095,1.6574671752983503,-65.74105674233566,6.32248704615354,0.0198186736211707,1052.6356201171875,-0.020370792177908447,-1
2023-02-01,1068.156494140625,-28.488394053472803,-26.351493373082803,-0.0442586583365409,-4.7275173324128446,-0.0266706182190959,19.004906668280555,1.0911007206694592,-66.04317910101763,-0.3021223586819701,0.0320313416702822,1073.6572265625,0.005149743929891622,0
2023-02-02,1062.2447509765625,-29.141780368321637,-28.067514271388973,-0.0455184572270553,-4.835174226199115,-0.0274341486192616,22.059206366915845,3.0542996986352904,-68.91934097133063,-2.8761618703129983,0.0159005911256921,1075.52880859375,0.012505646749466123,1
2023-02-03,1063.1806640625,-28.892150178277237,-29.417913080899098,-0.0405437200919818,-4.310529925095807,-0.0271752028181908,23.0246462526829,0.9654398857670544,-66.42459951317667,2.4947414581539533,0.0240446571864063,1066.6728515625,0.003284660470268587,0
2023-02-06,1055.1690673828125,-29.18399202854266,-30.90667581567436,-0.0440402460875363,-4.646990539149556,-0.0276581193769536,23.57056165240398,0.5459153997210819,-73.69828625799012,-7.273686744813446,0.0065759336961874,1060.6014404296875,0.005148343725000564,0
2023-02-07,1052.6356201171875,-29.13344414889229,-32.22779945045454,-0.0423209148200822,-4.454850241556414,-0.0276766656876469,11.023663816592148,-12.546897835811832,-80.24692279321101,-6.5486365352208935,0.014918268015845,1085.5946044921875,0.03131091495016172,1
2023-02-08,1073.6572265625,-25.748735829070256,-32.180149531073766,-0.0199207779881114,-2.138808724568434,-0.023982268448478,26.72995190240973,15.706288085817588,-59.49156089759888,20.755361895612133,0.0224919639425008,1110.1768798828125,0.0340142574527594,1
2023-02-09,1075.52880859375,-22.58956794571759,-31.927057483899038,-0.0164963293645888,-1.7742277467666554,-0.0210032197791646,28.129742243768845,1.399790341359111,-45.58036117477391,13.911199722824968,0.0156405455391748,1109.3095703125,0.03140851407124856,1
2023-02-10,1066.6728515625,-21.062361417234115,-32.04996931246001,-0.022668818415518,-2.41802131808322,-0.019745849335512,29.23202501377895,1.102282770010106,-47.50451301997632,-1.9241518452024096,0.0143796295090931,1113.9429931640625,0.044315500795130885,1
2023-02-13,1060.6014404296875,-20.354272173781737,-32.356917227293934,-0.0259300766531361,-2.750147664877204,-0.0191912545070047,29.12363008478912,-0.1083949289898349,-53.05245565903601,-5.547942639059691,0.0156885394071475,1102.16552734375,0.0391891669477871,1
2023-02-14,1085.5946044921875,-16.160474959623343,-31.21768172996985,-0.0021004932779688,-0.2280284169332844,-0.014886288945018,43.61827505642537,14.494644971636252,-13.710023328343048,39.342432330692965,0.0244943058135548,1111.158447265625,0.023548240445977153,1
2023-02-15,1110.1768798828125,-9.640714000143362,-28.84059306067138,0.0182624389331908,2.0274537473897,-0.0086839441307417,57.791778894455405,14.173503838030037,39.59775722709085,53.3077805554339,0.026398575804911,1085.9598388671875,-0.021813678031361354,-1
2023-02-16,1109.3095703125,-4.949909245095114,-26.70636372637728,0.015904428240745,1.7642934457808224,-0.0044621531965154,66.9345943226172,9.142815428161796,50.92965522747818,11.331898000387326,0.0159462278641174,1080.7557373046875,-0.02574018450031824,-1
2023-02-17,1113.9429931640625,-0.9247511803082488,-24.50751459277308,0.0181797758430048,2.0251233917608715,-0.0008301602379862,65.38528806216075,-1.5493062604564471,62.08589484342557,11.156239615947392,0.0151217785262398,1088.1510009765625,-0.02315378106938847,-1
2023-02-20,1102.16552734375,0.3934661048599537,-23.10839766610184,0.0069893544589095,0.7703425542995319,0.0,60.760697968614416,-4.624590093546338,51.920540869104535,-10.165353974321036,0.0164222931086973,1080.91552734375,-0.019280225585727673,-1
2023-02-21,1111.158447265625,2.4984785971469137,-21.339095050886957,0.0136600643360158,1.5178495877155456,0.0,66.4054684894965,5.644770520882084,58.63751942551375,6.716978556409217,0.0141530854806504,1060.2362060546875,-0.0458280646979273,-1
2023-02-22,1085.9598388671875,0.6274887798349482,-21.020241525036,-0.008388149243776,-0.9109193201165908,0.0,57.88680133805333,-8.518667151443168,29.468199045083853,-29.169320380429895,0.0230988743768546,1069.982421875,-0.014712714430447305,-1
2023-02-23,1080.7557373046875,-1.3914767260644112,-20.935821265847835,-0.0120398029819739,-1.301208614878533,-0.0012875034367475,55.683500380939606,-2.2033009571137256,8.300312518270832,-21.16788652681302,0.0141076796536003,1061.8338623046875,-0.01750800328591319,-1
2023-02-24,1088.1510009765625,-1.8198222233008887,-20.405161344246835,-0.0046925493310717,-0.5106202251738523,-0.0016723986116519,60.70852185713516,5.025021476195555,7.251882416685405,-1.0484301015854278,0.0118093635123248,1088.927001953125,0.0007131372170462344,0
2023-02-27,1080.91552734375,-3.0360413908420014,-20.242942183958803,-0.0103798169845542,-1.1219705349590186,-0.0028087684134786,58.90983212506971,-1.7986897320654478,-6.94251156472537,-14.194393981410776,0.0160271959869119,1099.5633544921875,0.017251882017332854,1
2023-02-28,1060.2362060546875,-6.550126599973055,-21.098070605480416,-0.0273515608695909,-2.899911512604604,-0.0061779880394265,45.76245055967489,-13.147381565394824,-45.74516603070522,-38.80265446597985,0.0229704003622511,1103.5120849609375,0.04081720531624423,1
2023-03-01,1069.982421875,-7.622701405782664,-21.2659432018188,-0.0163578722179533,-1.750263573248958,-0.0071241370418262,48.331742278488456,2.5692917188135667,-52.5213535589871,-6.776187528281881,0.0094927823752642,1076.9896240234375,0.0065488946408655225,0
2023-03-02,1061.8338623046875,-9.297106537188256,-21.757982263033227,-0.0219613154985252,-2.3319268457091766,-0.0087557073354294,48.53829504013687,0.2065527616484175,-67.77080088186293,-15.249447322875824,0.0129189845665395,1060.3046875,-0.001440126237233063,0
2023-03-03,1088.927001953125,-6.735524018949491,-20.70964380610667,0.0031506170624659,0.3430791992132072,-0.0061854688210215,57.59206122255341,9.053766182416538,-36.28663194926281,31.484168932600117,0.0217573037101728,1042.866455078125,-0.042299021690512514,-1
2023-03-06,1099.5633544921875,-3.391540106601724,-19.170322317445425,0.0116303559571464,1.278831321017833,-0.0030844426496625,54.05619232885104,-3.5358688937023715,-4.933025602472477,31.353606346790336,0.0102129866125241,1038.9635009765625,-0.05511265291631322,-1
2023-03-08,1103.5120849609375,-0.4400709129522511,-17.55335020038183,0.0137882443345508,1.5215494253570796,-0.0003987912039656,47.80122330563149,-6.254969023219552,16.565822269448134,21.49884787192061,0.0140650286408324,1021.2056884765624,-0.07458585873782128,-1
2023-03-09,1076.9896240234375,-1.8270305776607076,-17.44947912983912,-0.0095442522309109,-1.0279060621753615,-0.001696423565192,40.88099572851809,-6.920227577113401,-6.977912609843166,-23.5437348792913,0.0261947109423104,1016.11572265625,-0.05652227283283721,-1
2023-03-10,1060.3046875,-4.961750680478417,-18.159046645621856,-0.0231185667350417,-2.451272467744729,-0.004679551773158,35.82973168383053,-5.0512640446875565,-45.82114655738182,-38.84323394753866,0.0124639927390458,1014.8377075195312,-0.042881051566103494,-1
2023-03-13,1042.866455078125,-9.3678509564445,-19.615514969466403,-0.0365696235994077,-3.813723372665663,-0.0089827905680816,34.78920604701845,-1.0405256368120774,-69.60501452214908,-23.783867964767254,0.0302035615985375,1004.8631591796876,-0.03644119121234024,-1
2023-03-14,1038.9635009765625,-12.806535004172474,-21.019479528628835,-0.0367850771804635,-3.821835257110706,-0.0123262607320999,30.98475168845165,-3.804454358566805,-80.69518955025515,-11.090175028106074,0.0157735419442355,1036.1102294921875,-0.00274626729590895,0
2023-03-15,1021.2056884765624,-17.3110438509666,-23.088784764693628,-0.0498307278995185,-5.088742279191592,-0.0169515740524235,32.24878326935122,1.264031580899573,-85.97418123326254,-5.278991683007391,0.031693523995419,1039.26025390625,0.017679656149018782,1
2023-03-16,1016.11572265625,-20.814711398822283,-25.077004024821008,-0.0500814365601951,-5.088853510202625,-0.0204845874684527,32.26897610754651,0.0201928381952853,-81.92432415383611,4.049857079426431,0.0232714361970384,1026.1131591796875,0.00983887592773684,0
2023-03-17,1014.8377075195312,-23.039373038514896,-26.790258692160705,-0.0467307592428654,-4.74241365806779,-0.0227025196913778,29.191533208765307,-3.0774428987812,-81.54555525366881,0.3787689001673016,0.0176554883138142,1005.7989501953124,-0.008906603742889508,0
2023-03-20,1004.8631591796876,-25.45671341345837,-28.706793757165546,-0.0519280880967071,-5.2180622655021125,-0.025333512509544,28.744595065773552,-0.4469381429917547,-82.12459833740093,-0.5790430837321168,0.0181715213437824,1021.4338989257812,0.016490543607570442,1
2023-03-21,1036.1102294921875,-22.548516295849367,-28.66316373091809,-0.0183672562897962,-1.9030502129558045,-0.021762661591422,43.63326525484334,14.888670189069783,-53.41135075299387,28.713247584407057,0.0251134999206952,1026.2044677734375,-0.009560528828679702,0
2023-03-22,1039.26025390625,-19.62305015234233,-28.36003405474935,-0.0138914173508689,-1.4436797923183349,-0.0188817479342498,41.600126560816605,-2.033138694026732,-36.9316302843335,16.479720468660368,0.0094219436456372,1020.1329345703124,-0.01840474439780034,-1
2023-03-23,1026.1131591796875,-18.88449965835389,-28.673781180664264,-0.0244381097941174,-2.507626604522329,-0.0184039152888857,40.49330687531594,-1.1068196855006676,-40.77981181098384,-3.848181526650336,0.0119449784232801,1064.116455078125,0.037036164635895256,1
2023-03-24,1005.7989501953124,-20.64830958664652,-29.895707365840053,-0.041026159552773,-4.126406820872489,-0.0205292614221131,27.048167554089616,-13.44513932122632,-60.95012454371664,-20.170312732732803,0.0236009570685913,1064.299072265625,0.05816283866567239,1
2023-03-27,1021.4338989257812,-19.42523627665741,-30.04818312844418,-0.0228102861577144,-2.3299199525686163,-0.0190176146465147,29.00772897899745,1.9595614249078324,-56.43865277523591,4.511471768480732,0.0240440812095947,1061.74267578125,0.0394629323521185,1
2023-03-28,1026.2044677734375,-17.54156961734384,-29.82763100872444,-0.0164140872859847,-1.684420970730116,-0.0170936398819271,29.319875391035737,0.3121464120382882,-49.57853974312707,6.860113032108842,0.0086743970092733,1068.8638916015625,0.04157010144448448,1
2023-03-29,1020.1329345703124,-16.652580993646552,-29.842512759545343,-0.0204213518150037,-2.083249355493308,-0.0163239323320746,32.92201258968535,3.602137198649615,-42.95255221039448,6.625987532732587,0.0150803300269559,1061.2861328125,0.04034101522221871,1
2023-03-31,1064.116455078125,-9.911973597205588,-27.47546273754256,0.0197782752428508,2.104638813898191,-0.0093147451577354,50.98362865923343,18.06161606954808,14.0972372374291,57.04978944782358,0.0380729901099345,1066.5357666015625,0.002273540186219449,0
2023-04-03,1064.299072265625,-4.921665633742805,-25.30059404824874,0.0181331509669217,1.929909575134616,-0.0046243257764624,56.07139497955637,5.087766320322942,45.38895697367317,31.29171973624407,0.0145832423353202,1071.23779296875,0.006519521517907753,0
2023-04-05,1061.74267578125,-1.6294258921975595,-23.44292676161126,0.0143355221980203,1.5220635697246507,-0.0015346711866871,56.50245278929428,0.4310578097379078,58.72451332848566,13.335556354812496,0.0169614348666071,1075.27783203125,0.012748057094004044,1
2023-04-06,1068.8638916015625,1.666447232616747,-21.36866992958835,0.0190022081075633,2.031077410687203,0.0,64.48386287786718,7.9814100885729,72.2098738720821,13.485360543596435,0.0153110544039207,1080.73291015625,0.011104331101412004,1
2023-04-10,1061.2861328125,2.968137737808547,-19.872469960484292,0.0109070194293981,1.1575468470737178,0.0,63.523303867580985,-0.9605590102861968,69.34569891997612,-2.864174952105984,0.0124094599562219,1068.36181640625,0.006667083809904146,0
2023-04-11,1066.5357666015625,4.517908436249172,-18.223410593880544,0.0143413357412726,1.529554750890611,0.0,65.1180589393347,1.594755071753717,74.53492140525826,5.189222485282144,0.0072548744342124,1073.6800537109375,0.006698591208187742,0
2023-04-12,1071.23779296875,6.139872828085117,-16.475024363092416,0.0169706602343174,1.8179612614633245,0.0,70.027514116178,4.909455176843295,74.80852125515521,0.2735998498969536,0.0160866596834609,1070.9638671875,-0.00025570959412369324,0
2023-04-13,1075.27783203125,7.693188682477512,-14.680335531319088,0.0187855480147766,2.01996833428484,0.0,64.13976670294944,-5.887747413228553,80.12924571410643,5.320724458951219,0.0101039626313512,1072.310546875,-0.0027595520598101236,0
2023-04-17,1080.73291015625,9.352398258916992,-12.778454133357172,0.0215802722450123,2.3322510425316523,0.0,64.72681120219711,0.5870444992476678,62.5546007262345,-17.574644987871935,0.032059806956049,1076.4190673828125,-0.003991590089371678,0
2023-04-18,1068.36181640625,8.712152350663928,-11.711222271471344,0.0093187843184868,0.9955833341196012,0.0,65.08550461978618,0.3586934175890661,42.77705751449116,-19.777543211743332,0.0217916186847043,1084.65869140625,0.015254078487023566,1
2023-04-19,1073.6800537109375,8.781804539370114,-10.462389938667684,0.0129326410796156,1.388551876898191,0.0,77.14491293430335,12.05940831451717,38.82621203531195,-3.950845479179215,0.0109268040990162,1078.2906494140625,0.00429419889769722,0
2023-04-20,1070.9638671875,8.296972411349543,-9.474719325884053,0.0094811213675298,1.0153938405046574,0.0,72.08873394243689,-5.05617899186646,32.59071036810732,-6.23550166720463,0.0114660456314747,1085.115234375,0.013213673795235928,1
2023-04-21,1072.310546875,7.963382938151426,-8.508655600655857,0.0097500741621232,1.0455107356856388,0.0,71.20950578669252,-0.8792281557443715,30.79030657533137,-1.8004037927759455,0.010472550135717,1104.9500732421875,0.030438501665686138,1
2023-04-24,1076.4190673828125,8.106137863418098,-7.422139323846977,0.012299727955717,1.3239661695154157,0.0,76.36871457262986,5.159208785937338,26.619916045826475,-4.170390529504896,0.0139525059309534,1114.3310546875,0.035220471704264844,1
2023-04-25,1084.65869140625,9.12528615984752,-6.020737628724191,0.0180025509731755,1.9526623380538692,0.0,64.46939863458925,-11.8993159380406,22.612393648326368,-4.007522397500107,0.0126680552293189,1104.7674560546875,0.018539255535182843,1
2023-04-26,1078.2906494140625,8.825339316735835,-5.104418398609823,0.011093805481095,1.1962346716682075,0.0,59.065362609758914,-5.40403602483034,9.465004714903609,-13.14738893342276,0.0135684971765938,1117.503662109375,0.036365902566827084,1
2023-04-27,1085.115234375,9.331123628259776,-3.933084667022968,0.0157393687387258,1.70790287978366,0.0,64.34978250637792,5.284419896619006,9.832914100263215,0.3679093853596065,0.0084137754374776,1114.650634765625,0.02721867637185711,1
2023-04-28,1104.9500732421875,12.104816151730574,-1.870642554794358,0.0303706586626048,3.355806151365869,0.0,69.16371924656681,4.813936740188893,47.39193248913664,37.55901838887343,0.0174138051994119,1128.4140625,0.021235338886365744,1
2023-05-02,1114.3310546875,15.053317193433031,0.4223812990660462,0.0350304278381721,3.903549359906492,0.0,77.64035681391431,8.476637567347495,70.7023185291042,23.31038603996756,0.0072510063768808,1131.9061279296875,0.015771859868983197,1
2023-05-03,1104.7674560546875,15.578182408642531,1.9293199183919116,0.0242518293245014,2.679263178750261,0.0,69.06446004908645,-8.57589676482786,63.81855118805404,-6.883767341050167,0.013201892223857,1139.6895751953125,0.03161038003901547,1
2023-05-04,1117.503662109375,17.30701956983762,3.897040523060468,0.0321567690090897,3.5935307129263947,0.0,71.35931850355716,2.294858454470713,78.57716574294905,14.758614554895011,0.0156249780522261,1132.2486572265625,0.013194583263696135,1
2023-05-05,1114.650634765625,17.805152970597646,5.454351079695698,0.0269813687508783,3.0074799805011025,0.0,68.37846153846154,-2.980856965095626,74.62170320487323,-3.955462538075821,0.0103818575419958,1134.097412109375,0.01744652246830598,1
2023-05-08,1128.4140625,19.604987239879392,7.506602193579511,0.0353176510743062,3.985293412671581,0.0,70.65459483354873,2.276133295087192,80.38122160862028,5.759518403747052,0.0159796140983225,1136.334228515625,0.007018847317515595,0
2023-05-09,1131.9061279296875,20.94009102731297,9.452876237922965,0.0348125556342277,3.940454505127264,0.0,79.82012430899664,9.165529475447912,85.69964032244326,5.318418713822979,0.0094977674368689,1120.1513671875,-0.010384925438726567,-1
2023-05-10,1139.6895751953125,22.483140497199884,11.52148318971581,0.0376402274507023,4.289817483354682,0.0,80.27647757049114,0.4563532614944989,91.2208140494828,5.521173727039539,0.0074702317478651,1113.5321044921875,-0.0229513994621231,-1
2023-05-11,1132.2486572265625,22.142890480068218,12.902566645874913,0.0284688965373065,3.2233869877086363,0.0,76.94169416941693,-3.334783401074205,78.18750007967307,-13.033313969809726,0.0132846840031271,1111.1356201171875,-0.01864699681878297,-1
2023-05-12,1134.097412109375,21.69774433175712,14.158430552876323,0.0273205846308672,3.098420432718058,0.0,77.04303522618231,0.1013410567653778,73.58151182086404,-4.605988258809035,0.0124378882814203,1114.7418212890625,-0.017066956165883395,-1
2023-05-15,1136.334228515625,21.23837962706989,15.320505649322511,0.0265775043834896,3.020092793948379,0.0,76.66063736753195,-0.3823978586503642,74.04815230306566,0.4666404822016261,0.0126142361895148,1120.6990966796875,-0.013759272090537499,-1
2023-05-16,1120.1513671875,18.359495931636506,15.444343095747172,0.0113767632596063,1.2743696919417289,0.0,64.75056210784354,-11.910075259688412,51.61540085278236,-22.432751450283305,0.0201524159108697,1120.4937744140625,0.00030567942564960963,0
2023-05-17,1113.5321044921875,15.083826582317217,15.155275438692795,0.0050000062449905,0.5567667476457245,0.0,64.61563696673059,-0.1349251411129444,28.57974900285213,-23.03565184993023,0.0147582409693999,1113.9658203125,0.00038949556870683196,0
2023-05-18,1111.1356201171875,12.148283102599862,14.724880162919362,0.0025945471249444,0.2882893728599356,0.0,61.20286873829964,-3.4127682284309486,7.248757760285862,-21.330991242566267,0.0122636077992772,1113.8289794921875,0.0024239699693147636,0
2023-05-19,1114.7418212890625,10.300768006124828,14.482877290422948,0.0052919672246859,0.5899177182250241,0.0,54.9005759921018,-6.302292746197843,-12.066895399567318,-19.31565315985318,0.0110977494494186,1144.2088623046875,0.02643396027032517,1
2023-05-22,1120.6990966796875,9.568616362818148,14.527821718629411,0.0096177406406421,1.0778593248062407,0.0,53.30017574114304,-1.6004002509587565,-12.491876476831465,-0.424981077264146,0.0137066768777818,1150.645263671875,0.026720970045313208,1
2023-05-23,1120.4937744140625,8.830666492007367,14.504671595066156,0.0085784185052872,0.9612064529494546,0.0,59.02545032674611,5.725274585603067,-14.047355609185573,-1.5554791323541082,0.0067425758279803,1150.3487548828125,0.026644485806591834,1
2023-05-24,1113.9658203125,7.273280358057264,14.095289112567798,0.002516896570379,0.2803736752662189,0.0,47.813821008197976,-11.211629318548134,-32.360864653925255,-18.31350904473968,0.0125192602127227,1127.5008544921875,0.01215031371060427,1
2023-05-25,1113.8289794921875,6.007194289808012,13.68039360732996,0.0021766814225804,0.2424450847590833,0.0,49.47462905579969,1.6608080476017122,-40.499731502720735,-8.13886684879548,0.0135043765558447,1124.46533203125,0.009549358774909757,0
2023-05-26,1144.2088623046875,8.979901998953892,14.839675277171864,0.0260635295632187,2.9822121509173485,0.0,58.32935290459717,8.854723848797484,26.107917697718907,66.60764920043964,0.0232395404391958,1120.79052734375,-0.020466835848280216,-1
2023-05-29,1150.645263671875,11.74558839709266,16.132053721586544,0.0286467902529565,3.2962293523964945,0.0,59.584409811235,1.255056906637826,57.54916657850724,31.441248880788333,0.0090454831507178,1130.8563232421875,-0.017198124438924066,-1
2023-05-30,1150.3487548828125,13.424904122523913,17.188029791884674,0.025814925964645,2.969616794082185,0.0,55.90395724701962,-3.680452564215379,64.7023351909891,7.153168612481863,0.009266144218395,1131.8148193359375,-0.01611157961288277,-1
2023-05-31,1127.5008544921875,11.340859551382891,16.867999673407212,0.0055216789841901,0.6225697772904368,0.0,47.75365650246385,-8.150300744555771,25.183835435552403,-39.5184997554367,0.0197781685464975,1140.39697265625,0.011437790146838295,1
2023-06-01,1124.46533203125,9.239580449616824,16.371420513393332,0.0025791452096418,0.2900159374516988,0.0,45.49335191446587,-2.260304587997979,0.952205337360911,-24.23163009819149,0.0109206053446633,1141.0816650390625,0.014777096753882597,1
2023-06-02,1120.79052734375,7.084619247997125,15.689359969059524,-0.0006283270554328,-0.0704223011803151,0.0,42.82398954036204,-2.6693623741038266,-17.508948219340773,-18.461153556701685,0.0129724325573453,1133.0018310546875,0.010895259562799868,1
2023-06-05,1130.8563232421875,6.739556864869201,15.55802252591002,0.0075257312809037,0.8510520806030399,0.0,55.23796781542188,12.41397827505984,-8.405026731603165,9.103921487737608,0.0102130071321277,1134.006103515625,0.0027853054439374025,0
2023-06-06,1131.8148193359375,6.485283821132043,15.437389717574206,0.0076056586594882,0.8608197181620199,0.0,59.47041743388438,4.232449618462496,-2.15416922805567,6.250857503547495,0.0103655570890836,1150.7593994140625,0.016738232928634238,1
2023-06-07,1140.39697265625,7.301428391437412,15.72062962981886,0.0137036415740323,1.5627591365391709,0.0,64.24449940516445,4.774081971280069,16.43235365528808,18.586522883343747,0.0109681558295743,1164.910888671875,0.021495949746802977,1
2023-06-08,1141.0816650390625,7.820905806740939,15.94737183452844,0.0129958698981438,1.4829348862003826,0.0,63.19769632380645,-1.046803081358,26.943457451706333,10.511103796418254,0.0103414819147079,1165.23046875,0.02116308100534664,1
2023-06-09,1133.0018310546875,6.969226672002378,15.6708901074187,0.0054156334507557,0.6135922616026619,0.0,56.03595316123344,-7.161743162573011,17.64076413292391,-9.302693318782424,0.0123089193679351,1176.574462890625,0.03845768880653675,1
2023-06-12,1134.006103515625,6.358111007522211,15.425446390607476,0.0057240313023717,0.6491086433607052,0.0,56.57783551162395,0.5418823503905159,14.800081022046363,-2.8406831108775457,0.0097417967599537,1164.8880615234375,0.0272326206288245,1
2023-06-13,1150.7593994140625,7.997490079755153,16.02210818568028,0.0183628799176021,2.113125666549194,0.0,66.28951279487664,9.71167728325269,43.550452391760025,28.750371369713665,0.0147569730446189,1167.3074951171875,0.0143801525423567,1
2023-06-14,1164.910888671875,10.853357910546949,17.217675479246736,0.0275344868680989,3.2075223566637305,0.0,70.1187423255957,3.829229530719061,66.81320494871099,23.262752556950964,0.0148911520562594,1170.59423828125,0.004878784862123347,0
2023-06-15,1165.23046875,12.69536370196056,18.21707021214252,0.0252738168843407,2.944982149524094,0.0,60.84809802842028,-9.270644297175425,74.39458228726237,7.581377338551377,0.0105973064980703,1157.4471435546875,-0.006679644417178737,0
2023-06-16,1176.574462890625,15.230935437547489,19.611446520116036,0.0315197109162011,3.7085286941699,0.0129451521496802,62.73557076596173,1.8874727375414508,84.0993837490449,9.704801461782536,0.0086133855274599,1147.9749755859375,-0.024307418023015618,-1
2023-06-19,1164.8880615234375,15.18149031474536,20.155325055264257,0.0198215577440378,2.308989597682512,0.0130325743873544,56.42262288646496,-6.312947879496775,67.12590855102196,-16.97347519802294,0.0162042392565337,1139.2100830078125,-0.022043301295442422,-1
2023-06-20,1167.3074951171875,15.157535743968538,20.68358424658481,0.0198664873708256,2.319029960961416,0.0129850410516271,71.4568462720822,15.034223385617246,63.2559860783205,-3.869922472701468,0.0113409111808783,1139.62109375,-0.023718173217424622,-1
2023-06-21,1170.59423828125,15.26597786205457,21.241151781365488,0.0205622393294052,2.4070038885163285,0.0130412207431237,74.79755783218233,3.3407115601001323,66.85359604866774,3.597609970347243,0.0085208172376197,1154.708251953125,-0.013570873500496584,-1
2023-06-22,1157.4471435546875,13.3078643377778,20.972809609189422,0.0085791815983873,0.9929949235090588,0.0114976000518757,67.88419413895417,-6.913363693228163,45.31583091805014,-21.5377651306176,0.0162886950266061,1164.180419921875,0.0058173510597716235,0
2023-06-23,1147.9749755859375,10.41067384314465,20.17401075949556,0.000362520783495,0.0416164787582147,0.0090687289048534,58.40058465519721,-9.483609483756965,16.667907251480653,-28.647923666569486,0.0085097937044247,1194.0582275390625,0.04014308058379379,1
2023-06-26,1139.2100830078125,7.000893178233127,18.95129891879219,-0.0066622940316839,-0.7589752536857759,0.0061453925686375,53.37079776993868,-5.029786885258524,-15.153135046117516,-31.82104229759817,0.0106990232750549,1181.755615234375,0.03734652006786243,1
2023-06-27,1139.62109375,4.502476074679407,17.83701712153902,-0.0057265778424389,-0.6526128904247344,0.003950853577011,49.617887391005326,-3.7529103789333575,-30.93925021301377,-15.786115166896256,0.0091529054165162,1179.8155517578125,0.035270019332083374,1
2023-06-28,1154.708251953125,4.626101400360994,17.580075005663048,0.0067400175714591,0.7782753908072664,0.0040062945705431,55.87720877730007,6.259321386294744,-11.396954808406152,19.54229540460762,0.0158134778200875,1204.5804443359375,0.04319029702823761,1
2023-06-30,1164.180419921875,5.863876689156768,17.782625958075187,0.0134741079190684,1.5686292615291677,0.0050369140287982,63.28787420025117,7.410665422951098,15.849990113038576,27.24694492144473,0.0090971397372937,1202.2294921875,0.03268314052917878,1
2023-07-03,1194.0582275390625,10.54395765744789,19.440631547494604,0.0346900246126402,4.142190930225524,0.0088303546797536,70.53861215833135,7.25073795808018,55.6839754777384,39.83398536469983,0.0254808076867341,1248.5411376953125,0.04562835287232058,1
2023-07-04,1181.755615234375,12.024602026180672,20.183529442119607,0.0224006451404568,2.6472088179607454,0.0101752019378353,60.93398383506078,-9.604628323270568,51.47638527413187,-4.207590203606529,0.0199904036417117,1262.076171875,0.06796714617234563,1
2023-07-05,1179.8155517578125,12.573845223792889,20.660162363085192,0.0189028196872843,2.230184063913157,0.0106574669278253,55.753313247618784,-5.180670587441995,46.365087018788245,-5.111298255343627,0.0128457970123358,1263.468505859375,0.07090341704423847,1
2023-07-06,1204.5804443359375,15.9601375157215,22.28299960250115,0.0355210309860241,4.278793928841196,0.0132495406103988,62.77792091963135,7.024607672012564,71.32154272408049,24.95645570529224,0.0259213141519772,1252.170166015625,0.03950730057378843,1
2023-07-07,1202.2294921875,17.72334769222425,23.499482019265088,0.0305772713436697,3.676089739998588,0.0147420669742315,58.84757481662098,-3.930346103010372,67.76295845616642,-3.558584267914071,0.014030283010094,1251.120361328125,0.04066683562359321,1
2023-07-10,1248.5411376953125,24.69334171820788,26.87223627933986,0.0604869885920956,7.55204935525353,0.0197777557924838,73.28759768213496,14.44002286551398,78.16677836177746,10.403819905611044,0.0296155335494231,1276.68408203125,0.022540662446963247,1
2023-07-11,1262.076171875,30.900092654757145,30.422006521922867,0.064147927415017,8.095957066565916,0.0244835401724212,74.84442333749143,1.5568256553564763,88.43442836026124,10.267649998483776,0.011719111390732,1287.52587890625,0.02016495327175119,1
2023-07-12,1263.468505859375,34.8472918673408,33.48603698782085,0.0592538456767838,7.486536786366969,0.0275806572983304,74.59205349558535,-0.2523698419060878,82.76564147142803,-5.6687868888332105,0.0145786787826266,1297.294921875,0.026772662601999123,1
2023-07-13,1252.170166015625,35.45063472771926,35.45885516758062,0.0461504425350715,5.778820729083009,0.0283113555089098,75.32957423180952,0.7375207362241696,72.11876725989231,-10.646874211535716,0.0225118040107986,1295.7237548828125,0.03478248408183527,1
2023-07-14,1251.120361328125,35.02321321088607,37.00131303176977,0.0412273411874431,5.158036600303376,0.027993480318478,78.88276421241318,3.553189980603662,66.47366322352585,-5.645104036366462,0.0130623830949719,1255.6134033203125,0.0035912148271793113,0
2023-07-17,1276.68408203125,37.37030852947737,39.53812163743714,0.0549321393614519,7.013098791468792,0.0292713828389086,85.18522915652578,6.3024649441126,78.02304490248795,11.549381678962106,0.0311259868443142,1230.216796875,-0.03639685479771854,-1
2023-07-18,1287.52587890625,39.69858544480508,42.17336599194209,0.057172926573416,7.361162253607972,0.0308332330209385,85.93614494565843,0.7509157891326481,84.20434774189663,6.181302839408673,0.0157598997356468,1229.425537109375,-0.04512557203605965,-1
2023-07-19,1297.294921875,41.82565384659392,44.8297389827037,0.0584297400122673,7.580060500439004,0.0322406672078409,85.56305609614115,-0.3730888495172735,87.68215883668115,3.477811094784528,0.0207611432590181,1249.4063720703125,-0.036914158066288776,-1
2023-07-20,1295.7237548828125,42.27836404390269,46.908882377952295,0.0520800109047351,6.748130728382193,0.0326291494499353,84.15481953716164,-1.4082365589795105,87.97752867082104,0.2953698341398905,0.0194476589395154,1237.7838134765625,-0.044716276280271014,-1
2023-07-21,1255.6134033203125,36.47733793694624,46.48421625246783,0.0198171562628941,2.488268701938296,0.0290514085310705,65.17619384693913,-18.978625690222515,58.28694087916735,-29.690587791653694,0.0359625030773019,1250.22265625,-0.00429331755782261,0
2023-07-24,1230.216796875,28.303778470785574,44.6347395663604,-0.0003797700367158,-0.04671994781188,0.0230071468237817,61.22328281177733,-3.952911035161797,22.776199151924523,-35.510741727242824,0.018352458042929,1260.8065185546875,0.024865309722149457,1
2023-07-25,1229.425537109375,21.8487976977965,42.81930357967849,-0.0009305596991564,-0.1144053857949529,0.0177715502389574,61.550801014320655,0.3275182025433238,3.539479276524676,-19.23671987539985,0.0101375616207564,1242.9769287109375,0.011022539545928522,1
2023-07-26,1249.4063720703125,19.46702603100221,42.11385255157438,0.0137059861707667,1.7124346457262618,0.0155810202878544,60.67472628161598,-0.876074732704673,-0.0075590187037386,-3.5470382952284147,0.0245427920189922,1229.6976318359375,-0.015774483526698274,-1
2023-07-27,1237.7838134765625,15.863477238513497,40.74673506834279,0.0040407907067541,0.500162533046705,0.0128160322229111,58.10874241147815,-2.565983870137835,-24.71082427467536,-24.703265255971623,0.0188995107724968,1224.5291748046875,-0.010708363227538665,-1
2023-07-28,1250.22265625,14.628422552690154,40.05038106390384,0.0126817178718436,1.5854971003548144,0.0117006538631827,50.45357768246335,-7.6551647290148,-27.009470977172747,-2.2986467024973862,0.0167336065011704,1241.171630859375,-0.007239530771081401,0
2023-07-31,1260.8065185546875,14.849427975396113,39.846491193196016,0.0190634349154863,2.4035303007487983,0.0117777214480288,49.65197914484775,-0.8015985376155967,-16.139798973624544,10.869672003548205,0.0141021677638031,1248.2442626953125,-0.009963666648690564,0
2023-08-01,1242.9769287109375,12.364446719536543,38.60467813704281,0.0045387466905206,0.5641557421579364,0.0099474466773566,44.8474211475904,-4.804557997257348,-31.349962030252087,-15.210163056627543,0.0213671622692956,1240.7265625,-0.0018104649884944386,0
2023-08-02,1229.6976318359375,8.613856409190475,36.69594843443292,-0.0056464282953382,-0.6943399503109049,0.0070048572805088,44.40505011886172,-0.4423710287286795,-52.56700506014429,-21.217043029892203,0.0194662458796024,1248.911865234375,0.01562516906676535,1
2023-08-03,1224.5291748046875,5.109220288494953,34.63078853237607,-0.0089918467392622,-1.1010778667598515,0.0041723957204285,43.51267980956908,-0.8923703092926445,-66.50066190008376,-13.933656839939466,0.0173067794360596,1254.4759521484375,0.02445574834795301,1
2023-08-04,1241.171630859375,4.713351194406641,33.56383897179376,0.0041248982721189,0.5119706715536267,0.0037975015519355,40.9419085018115,-2.570771307757582,-54.21683613924265,12.283825760841104,0.0176923757167077,1259.767822265625,0.014982771877708951,1
2023-08-07,1248.2442626953125,5.266953971095745,32.87787348269035,0.0088796275448277,1.108394413769929,0.0042194898294368,39.78408463912623,-1.1578238626852695,-40.08824547171356,14.128590667529089,0.0092715103664357,1274.65478515625,0.021158136472351742,1
2023-08-08,1240.7265625,4.56481441439837,31.772896401959542,0.0026130172800481,0.3242039947626836,0.0036791461973704,35.11402957612016,-4.670055063006068,-40.77014604797279,-0.6819005762592241,0.0139118265610296,1273.6162109375,0.02650837777763785,1
2023-08-09,1248.911865234375,5.05097136136078,31.11761871378621,0.0083180355927881,1.0388493347272745,0.0040442976818167,38.095832332221406,2.9818027561012457,-28.298331270100466,12.47181477787232,0.0189687562450337,1255.242431640625,0.005068865612115859,0
2023-08-10,1254.4759521484375,6.023316547698414,30.721963127111398,0.0115604812250788,1.4502345692126255,0.0048014603527335,49.64909400123221,11.5532616690108,3.328647575220076,31.626978845320544,0.0163811822145075,1264.5406494140625,0.008023029256470022,0
2023-08-11,1259.767822265625,7.28404221912956,30.54041066663649,0.0142841731045859,1.7994741644829446,0.0057820513354832,60.40758103125688,10.758487030024677,34.85035821942446,31.521710644204383,0.0182556982442273,1250.74267578125,-0.007164134791237767,0
2023-08-14,1274.65478515625,9.9831657558982,31.042514760864837,0.0234514152511738,2.989245866859392,0.0078320545077422,64.49056692322134,4.082985891964455,64.1927700670074,29.342411847582945,0.0222330192368319,1250.44482421875,-0.01899334723364514,-1
2023-08-16,1273.6162109375,11.553578394466284,31.316716764976263,0.0205955324846293,2.623080404531265,0.0090714756103502,58.82783393646427,-5.662732986757064,76.15693598555563,11.964165918548233,0.0123488146453852,1251.8345947265625,-0.017102181979062756,-1
2023-08-17,1255.242431640625,10.017847051551598,30.494766584718263,0.0056903348638177,0.714274977130799,0.0079808065749164,56.06735385975525,-2.7604800767090225,51.97128922164986,-24.185646763905773,0.0178289992119779,1230.7904052734375,-0.019479923360484437,-1
2023-08-18,1264.5406494140625,9.950573747991712,30.148782973192056,0.0118195758582472,1.494633413158681,0.0078689235910309,55.0869429074763,-0.9804109522789516,55.15664760129765,3.185358379647788,0.0270064328494414,1225.1075439453125,-0.031183738922921714,-1
2023-08-21,1250.74267578125,7.890129950297478,29.025840422486223,0.0008346753572975,0.1043964089792552,0.006308355909715,46.5043211022945,-8.582621805181802,34.33107201634258,-20.825575584955068,0.0157936701698907,1212.897705078125,-0.030257999056029602,-1
2023-08-22,1250.44482421875,6.23474211139137,27.926141267400222,0.0005424342622607,0.0678284115722362,0.0049860193673772,52.95371830439179,6.449397202097295,23.466561806643284,-10.864510209699295,0.0154600113843143,1201.2838134765625,-0.0393148180471715,-1
2023-08-23,1251.8345947265625,5.120806592758527,26.93790325706118,0.0015018355185894,0.1880049657759173,0.0040906415386907,59.66463226155784,6.710913957166049,20.29616663810573,-3.170395168537553,0.0102688712178991,1200.142333984375,-0.04129320355895629,-1
2023-08-24,1230.7904052734375,1.4663463666936425,24.890855261123303,-0.0141550870025213,-1.7421945268515628,0.0011913859259959,52.40075338310953,-7.26387887844831,-22.03330403243354,-42.32947067053927,0.0277844588221174,1194.6578369140625,-0.029357206722250683,-1
2023-08-25,1225.1075439453125,-1.8934728840495156,22.720377173694946,-0.0171449190212853,-2.100436963330821,0.0,43.275348069991125,-9.125405313118408,-42.43292323786368,-20.39961920543014,0.0252800048109057,1197.4619140625,-0.022565880048198095,-1
2023-08-28,1212.897705078125,-5.834162854325768,20.112426470779383,-0.0248947086584732,-3.019473500045024,0.0,35.81359481299808,-7.461753256993042,-63.71060299092597,-21.277679753062287,0.0216470188618925,1196.494140625,-0.013524276931555754,-1
2023-08-29,1201.2838134765625,-10.027703895043032,17.162473611927908,-0.0316393527816464,-3.800784236546633,0.0,34.673519860886984,-1.1400749521110995,-75.64278944235512,-11.932186451429152,0.0187163207802012,1202.89697265625,0.0013428626620872832,0
2023-08-30,1200.142333984375,-12.940145293613796,14.465673695110354,-0.0296550597292156,-3.5590292597871667,0.0,29.951907057779778,-4.721612803107206,-82.15716436554978,-6.514374923194652,0.0115795783522221,1205.4281005859375,0.0044042831020002305,0
2023-08-31,1194.6578369140625,-15.458216699945524,11.77509665113621,-0.0312564122766889,-3.734071788016081,0.0,25.39397359985217,-4.557933457927607,-87.231116244756,-5.07395187920622,0.0104279591426047,1207.06591796875,0.010386305326334265,1
2023-09-01,1197.4619140625,-16.558171872810362,9.52801161094908,-0.0262195780517425,-3.1396946119750737,0.0,23.83511111657912,-1.558862483273053,-86.25725649775575,0.9738597470002476,0.0099475684295037,1215.1064453125,0.014734941498171996,1
2023-09-04,1196.494140625,-17.128490792431194,7.481321552836789,-0.0245905695028348,-2.9422472324770297,0.0,12.831893339029833,-11.003217777549285,-86.92275988763251,-0.6655033898767613,0.0076118363493163,1228.20947265625,0.026506884534079872,1
2023-09-05,1202.89697265625,-16.344940553868582,5.997972813666138,-0.0173971222782063,-2.0926945721387256,0.0,18.002960377337644,5.171067038307811,-79.50598201106884,7.416777876563671,0.0088711004842718,1210.4658203125,0.006292182812245665,0
2023-09-06,1205.4281005859375,-15.128343979191412,4.811815740831889,-0.0138734701070896,-1.672347071972581,0.0,23.689534717288183,5.686574339950539,-72.71057332965742,6.795408681411416,0.007781900903251,1216.52099609375,0.009202453055823435,0
2023-09-07,1207.06591796875,-13.747434139167352,3.843288302206247,-0.011361624996721,-1.371423030628648,0.0,16.970815976923276,-6.718718740364906,-66.01972125664338,6.690852073014042,0.0112047697368419,1217.6376953125,0.008758243594136253,0
2023-09-08,1215.1064453125,-11.43748047705867,3.399278090865664,-0.0042448229980337,-0.5157911784122007,0.0,28.06961663972308,11.098800662799803,-50.299243168999965,15.720478087643414,0.0134997342893926,1219.89599609375,0.003941671776762099,0
2023-09-11,1228.20947265625,-7.852520146044071,3.6766831411869134,0.0058807821367099,0.7222832326935986,0.0,38.179439524041904,10.109822884318824,-23.80161984811972,26.497623320880244,0.0100420660614154,1209.274658203125,-0.015416600241793166,-1
2023-09-12,1210.4658203125,-7.489037489534894,2.9886424823739617,-0.0079014059488261,-0.9564381833472452,0.0,31.26543049491464,-6.914009029127264,-33.799083794330485,-9.997463946210765,0.0192918986178528,1182.3240966796875,-0.02324867266846683,-1
2023-09-13,1216.52099609375,-6.285611771444792,2.690038007995099,-0.0026223857462731,-0.3190187320196855,0.0,42.522730209334135,11.257299714419496,-20.65867218565437,13.140411608676114,0.0148507380994337,1173.7127685546875,-0.03518905771172035,-1
2023-09-14,1217.6376953125,-5.161085370909859,2.477360661973762,-0.0015480706538498,-0.1884989183135985,0.0,45.88902041348287,3.366290204148733,-1.4488335593554569,19.209838626298914,0.008478395799185,1168.823974609375,-0.040088871173290366,-1
2023-09-15,1219.89599609375,-3.9651567958037504,2.399507010961088,0.0002781992737016,0.0339374180105096,0.0,54.3252255786583,8.43620516517543,16.695749818504545,18.14458337786,0.007526903295543,1161.6273193359375,-0.047765282404726,-1
2023-09-18,1209.274658203125,-4.434167692056917,1.7738989862796188,-0.0077296250884191,-0.934723973683731,0.0,55.00000763814735,0.6747820594890541,3.1926342736708,-13.503115544833744,0.0077776894874283,1162.644775390625,-0.038560208382922595,-1
2023-09-20,1182.3240966796875,-8.215175037090603,-0.1720226077420648,-0.027909438062179,-3.299800114570417,0.0,41.57270416852859,-13.427303469618764,-32.752891174756364,-35.94552544842716,0.0304767124792693,1175.747802734375,-0.005562175349196266,0
2023-09-21,1173.7127685546875,-11.85343190277854,-2.3162045176891297,-0.0322282111831723,-3.782666297337073,0.0,40.37842117776891,-1.1942829907596817,-60.897048002681856,-28.14415682792549,0.0127283901533944,1158.4757080078125,-0.012981933020663949,-1
2023-09-22,1168.823974609375,-14.828436327846475,-4.433480366623599,-0.0332233376504905,-3.883223356243207,0.0,37.09176543087606,-3.286655746892848,-77.66605427684298,-16.76900627416113,0.0137794653154846,1163.8856201171875,-0.00422506262659261,0
2023-09-25,1161.6273193359375,-17.577425778894167,-6.639008366935286,-0.0360222626480318,-4.18444443962494,0.0,35.11972301322106,-1.9720424176549969,-85.83286657690404,-8.166812300061054,0.0109380051057305,1150.5592041015625,-0.009528112028823721,0
2023-09-26,1162.644775390625,-19.03245084257719,-8.489141125995275,-0.0319232879487231,-3.71154439468728,0.0,31.993687475427024,-3.1260355377940385,-87.99483508979893,-2.161968512894888,0.0062325948839379,1148.5738525390625,-0.012102512434922314,-1
2023-09-27,1175.747802734375,-17.956162936555984,-9.397517198578043,-0.0185664558236343,-2.1829469639205854,0.0,37.87018144266123,5.876493967234204,-70.81977590408206,17.17505918571686,0.0140571785220551,1148.5491943359375,-0.02313302932413152,-1
2023-09-28,1158.4757080078125,-19.10045336232088,-11.050280100963846,-0.0306841796081155,-3.55468766961485,0.0,32.39212577665991,-5.4780556660013175,-80.02596873549992,-9.206192831417852,0.0248489771532249,1150.4847412109375,-0.006897828535927411,0
2023-09-29,1163.8856201171875,-18.813287358856087,-12.174818088121356,-0.0235394613180922,-2.7397240533432523,0.0,31.07810359397928,-1.314022182680631,-77.29910735855404,2.7268613769458767,0.0149253731343282,1140.6822509765625,-0.019936124941803763,-1
2023-10-03,1150.5592041015625,-19.98010769464304,-13.802518697718597,-0.0321769673578834,-3.702150595368949,0.0,21.361857228653665,-9.716246365325611,-87.74445620567957,-10.44534884712553,0.0084550604930392,1145.719970703125,-0.004205983821768054,0
2023-10-04,1148.5738525390625,-20.66219636563619,-15.277640723778632,-0.0308737478933381,-3.546077956017143,0.0,24.171454362619187,2.809597133965521,-82.67842339569177,5.066032809987803,0.01032772437064,1163.910400390625,0.013352687611387977,1
2023-10-05,1148.5491943359375,-20.73030112198808,-16.51288065107383,-0.0280871633838682,-3.225948887572485,0.0,20.13084334738393,-4.040611015235257,-80.30896184971954,2.369461545972229,0.008815479660716,1166.0693359375,0.015254149920580641,1
2023-10-06,1150.4847412109375,-20.105499317196973,-17.43286450793198,-0.0239613955867351,-2.7567220000657926,0.0,20.70152266420968,0.5706793168257498,-76.8801128383348,3.4288490113847416,0.0055004314063849,1166.019775390625,0.013503033654610813,1
2023-10-09,1140.6822509765625,-20.54474424726868,-18.680990314779365,-0.0297825830295381,-3.3972463850029726,0.0,17.57405680695011,-3.127465857259569,-85.91102589079898,-9.030913052464186,0.007375155519145,1163.4140625,0.019928259165930134,1
2023-10-10,1145.719970703125,-19.77875738025,-19.444137895270387,-0.0229587626227489,-2.630431283951566,0.0,22.73782145535128,5.16376464840117,-83.17123084876798,2.7397950420310053,0.0061297448199435,1168.972900390625,0.02029547383487585,1
2023-10-11,1163.910400390625,-16.448937366216796,-19.10105692862635,-0.0063374787341428,-0.7376257410926428,0.0,41.45947347621426,18.721652020862976,-48.59931577747786,34.571915071290114,0.0156499649933761,1153.4627685546875,-0.00897631968271022,0
2023-10-12,1166.0693359375,-13.478720822538662,-18.6216970028288,-0.0040675281736949,-0.4743019876407288,0.0,46.22917055603399,4.769697079819736,-18.275072322336808,30.32424345514105,0.0090236639966448,1144.603271484375,-0.018408909137351295,-1
2023-10-13,1166.019775390625,-11.112778271092338,-18.13917917433173,-0.0037365500876119,-0.4356891293894023,0.0,48.54720140852909,2.3180308524950988,0.7496651224334808,19.024737444770288,0.0120674656565863,1141.104248046875,-0.021368014393583608,-1
2023-10-16,1163.4140625,-9.557553346190389,-17.78775952997512,-0.0054405738866023,-0.632964016774622,0.0,50.971908478452285,2.424707069923194,5.868960642961409,5.1192955205279285,0.0079136743848103,1123.2860107421875,-0.034491633762431424,-1
2023-10-17,1168.972900390625,-7.53486906322405,-17.130045726725484,-0.000599440194551,-0.0700729342834165,0.0,53.28015732606434,2.308248847612056,21.03806177181191,15.169101128850505,0.0078122926838976,1120.680419921875,-0.04131189050884973,-1
2023-10-18,1153.4627685546875,-7.989152658507919,-17.296273834027716,-0.0127764388482366,-1.473714652615854,0.0,38.7298823965182,-14.55027492954614,-6.200999735856608,-27.23906150766852,0.0197934595524956,1105.07080078125,-0.04195364522608183,-1
2023-10-19,1144.603271484375,-9.312334560194133,-17.837779431084527,-0.0187414230878348,-2.1451494178606936,0.0,42.3318745116456,3.601992115127402,-35.13438081211882,-28.93338107626221,0.0090193828280573,1124.5765380859375,-0.017496659233260707,-1
2023-10-20,1141.104248046875,-10.519257476205894,-18.42803587205276,-0.0198774904052283,-2.2682288741914363,0.0,37.13560946019535,-5.196265051450254,-60.20531771168385,-25.070936899565027,0.0080030888444166,1147.7550048828125,0.005828351657897164,0
2023-10-23,1123.2860107421875,-13.499895598724152,-19.798977879479708,-0.0327776360519619,-3.681866004237008,0.0,35.342687547890705,-1.7929219123046425,-75.3591367421281,-15.153819030444254,0.0225344649612564,1135.5452880859375,0.010913763036762064,1
2023-10-25,1120.680419921875,-15.676840629460685,-21.0605211266618,-0.0319807747328006,-3.5840228056981687,0.0,35.108630624595136,-0.2340569232955687,-75.65910933120577,-0.2999725890776687,0.0169179795823414,1140.2603759765625,0.01747148937968637,1
2023-10-26,1105.07080078125,-18.94913880845797,-22.894236106954168,-0.0423254223425268,-4.677258836146166,0.0,30.09984300009497,-5.008787624500162,-84.76977305661072,-9.110663725404947,0.0169323831897035,1151.57666015625,0.042084054109584504,1
2023-10-27,1124.5765380859375,-18.318714666558662,-23.405939291078084,-0.0220421159216413,-2.4788046415249028,0.0,39.7847599245312,9.684916924436228,-59.76862307117723,25.00114998543349,0.0165725342126044,1151.3284912109375,0.023788468120215824,1
2023-10-30,1147.7550048828125,-14.459248124887608,-22.571263969383157,-0.0012748837446112,-0.1463254198520189,0.0,52.52260504904146,12.737845124510258,-15.621823457234344,44.14679961394289,0.0238054265202702,1160.9075927734375,0.011459403648575594,1
2023-10-31,1135.5452880859375,-13.041522510671484,-22.39291878496283,-0.0109462597067618,-1.24299736321791,0.0,46.54766648248919,-5.974938566552268,-11.6672320002803,3.9545914569540432,0.0197124435426783,1153.3634033203125,0.015691241398578665,1
2023-11-01,1140.2603759765625,-11.156472201635095,-21.91357381746934,-0.0061508166380984,-0.7013532492323975,0.0,41.16772841201372,-5.379938070475468,-3.209776646923917,8.457455353356384,0.0184121400827829,1159.3690185546875,0.016758139615050318,1
2023-11-02,1151.57666015625,-8.112248359496334,-20.83179409747322,0.0033967277892986,0.3911592443059817,0.0,44.93410115753937,3.766372745525644,16.572377125731144,19.78215377265506,0.0070468485476833,1146.787109375,-0.00415912456978777,0
2023-11-03,1151.3284912109375,-5.828470891015286,-19.825486162394785,0.0028926453426423,0.3330384997952933,0.0,44.871798149516415,-0.0623030080229511,26.06244981588704,9.490072690155896,0.0082769114868393,1148.9461669921875,-0.0020691959218731163,0
2023-11-06,1160.9075927734375,-2.838070033558324,-18.38068080441667,0.0101092429287171,1.173589687313779,0.0,49.16569758701198,4.293899437495561,43.96248708914332,17.900037273256284,0.0061564353756946,1148.79736328125,-0.01043169117643193,-1
2023-11-07,1153.3634033203125,-1.6569615770079054,-17.443186164706503,0.0033039396760236,0.3810643109102329,0.0,44.872005665645126,-4.29369192136685,42.53258292614184,-1.4299041630014813,0.0084129651507596,1169.5684814453125,0.014050279450820689,1
2023-11-08,1159.3690185546875,0.0002557276322932,-16.2517038338965,0.007697179309198,0.8923871221343234,0.0,52.06954605492784,7.197540389282715,64.66394179469957,22.13135886855773,0.0082409353160575,1171.6778564453125,0.010616842173313941,1
2023-11-09,1146.787109375,-0.4801495195029019,-15.803478551269336,-0.0028998312117858,-0.3325489053038382,0.0,50.74576095964304,-1.3237850952847978,57.4893293771652,-7.1746124175343695,0.0137196557105319,1169.121826171875,0.01947590499953164,1
2023-11-10,1148.9461669921875,-0.526617390583624,-15.244031106549071,-0.0009229259341075,-0.1060392214412786,0.0,52.70267882460544,1.9569178649623995,57.13041242595514,-0.3589169512100554,0.0079053305110933,1166.0445556640625,0.014881801396001579,1
2023-11-13,1148.79736328125,-0.5683746071158566,-14.708733419367263,-0.0009568867915085,-0.1099269023043234,0.0,60.01172727194336,7.309048447337915,56.69872016428249,-0.4316922616726515,0.0055733802558107,1180.7109375,0.027779985608251154,1
2023-11-15,1169.5684814453125,2.1411029705589044,-13.115015486540642,0.0152906815657413,1.7883499219108216,0.0,66.79161079819175,6.779883526248398,75.76761098938266,19.06889082510017,0.0148316119145639,1185.3267822265625,0.01347360247069623,1
2023-11-16,1171.6778564453125,4.290629228095668,-11.567201416918806,0.0155122332467138,1.8175340199186396,0.0,75.21607040692683,8.424459608735077,78.20639678424305,2.4387857948603937,0.0115219857391757,1188.9500732421875,0.014741438273209503,1
2023-11-17,1169.121826171875,5.388176561597447,-10.306170366974357,0.0121453319422394,1.4199372659772962,0.0,69.34683650606996,-5.8692339008568695,72.15071180967628,-6.055684974566773,0.0090000003109346,1188.1558837890625,0.016280645174089208,1
2023-11-20,1166.0445556640625,5.651282052712304,-9.32706749624299,0.008671196917146,1.0111001956329346,0.0,59.623878173423535,-9.722958332646428,62.06680615763752,-10.08390565203876,0.0093642918617993,1188.404052734375,0.01917550831286954,1
2023-11-21,1180.7109375,7.649037448063609,-7.680472817289228,0.0190773995913847,2.252489435660664,0.0,73.16700540860042,13.543127235176884,73.13778698070507,11.07098082306755,0.0116860944004981,1191.5308837890625,0.009163924840039436,0
2023-11-22,1185.3267822265625,9.513186783657602,-5.9762805973387,0.0208156936437135,2.4673399166515537,0.0,73.13965878179334,-0.0273466268070734,79.59484183645347,6.457054855748396,0.0093166403378753,1179.9913330078125,-0.004501247503011525,0
2023-11-23,1188.9500732421875,11.114872269792611,-4.279164396939905,0.0216361177654825,2.572426380194884,0.0,70.83566418813434,-2.3039945936589987,85.33354324441115,5.738701407957677,0.0049259231175642,1188.3544921875,-0.0005009302476960956,0
2023-11-24,1188.1558837890625,11.918546780895896,-2.822633607548596,0.0190746889887875,2.266370395347621,0.0,70.40701748689767,-0.4286467012366728,84.33703677381726,-0.9965064705938858,0.0048247835328524,1201.2093505859375,0.010986325089976517,1
2023-11-28,1188.404052734375,12.27861060417422,-1.5275493768342585,0.0175268464581628,2.082897536253085,0.0,66.99384225861306,-3.413175228284615,84.32514916816737,-0.0118876056498891,0.0102113064521686,1209.919921875,0.018104843290562306,1
2023-11-29,1191.5308837890625,12.695742423689808,-0.2292882852302682,0.0182773322371499,2.177800583383714,0.0,74.95132119076348,7.957478932150423,82.19398336618954,-2.131165801977829,0.0057899373626282,1221.5091552734375,0.02515945821651239,1
2023-11-30,1179.9913330078125,11.218909922300782,0.3089640120958847,0.0078879277763151,0.9307686411441408,0.0095076206142155,62.57184955870753,-12.379471632055951,60.33818008521702,-21.855803280972523,0.0129550776927788,1219.4989013671875,0.033481236051683294,1
2023-12-01,1188.3544921875,11.046232895978392,1.2103139477046625,0.0135181927517902,1.6064405082845497,0.0092954021452342,76.71457486702336,14.142725308315832,64.72019151667581,4.382011431458793,0.0078519000560106,1218.8536376953125,0.02566502311248074,1
2023-12-04,1201.2093505859375,12.388993517646895,2.65778584450959,0.0218864759216333,2.6290239528439088,0.010313767131103,79.52893302986413,2.814358162840776,60.41378122975271,-4.306410286923104,0.0212378742999569,1220.6405029296875,0.016176324580117266,1
2023-12-05,1209.919921875,14.231949914003508,4.362870024773656,0.02629836764378,3.1818918925000617,0.0117627205376934,81.48808685327913,1.9591538234149937,70.1490929985415,9.735311768788796,0.0078761953902165,1203.1201171875,-0.0056200452315574865,0
2023-12-06,1221.5091552734375,16.769354783666586,6.435692265120679,0.0323059033060125,3.946195665767164,0.013728390582478,79.5538083265034,-1.934278526775728,76.69132348178061,6.542230483239109,0.0154199137239542,1208.03369140625,-0.011031815692098507,-1
2023-12-07,1219.4989013671875,17.960731859704993,8.119318200875796,0.0279188463910241,3.4047002501295083,0.0147279606726739,77.24050076628032,-2.3133075602230804,76.70174703079304,0.0104235490124295,0.0077124807371802,1223.0228271484375,0.002889650640356712,0
2023-12-08,1218.8536376953125,18.355545030098483,9.527563166354412,0.0249129314452143,3.036521711764862,0.0150596794089289,78.9593477441872,1.7188469779068782,73.33676449235782,-3.3649825384352283,0.0129084602145475,1238.63232421875,0.01622728596095945,1
2023-12-11,1220.6405029296875,18.498525635292253,10.815983841129992,0.0239457610200689,2.922916577457272,0.0151547696401139,82.27685130926022,3.317503565073025,71.90145392403652,-1.4353105683212988,0.0061805740170892,1251.239013671875,0.025067585967160116,1
2023-12-12,1203.1201171875,15.925258730691894,10.9970943160572,0.0088472841006667,1.064434548398367,0.0132366324053494,62.81572267506639,-19.461128634193837,39.656173963647134,-32.24527996038938,0.0184814867373644,1269.6527099609375,0.05530004180211771,1
2023-12-13,1208.03369140625,14.429271498978096,11.370077553893452,0.0117079212829392,1.4143563366124,0.0119444280417222,62.94192050962008,0.1261978345536931,30.23850068585645,-9.417673277790684,0.0131679161326605,1254.2913818359375,0.03829172212559715,1
2023-12-14,1223.0228271484375,15.048272664942942,12.430160562726542,0.0216547650041788,2.648427191664496,0.0123041633654778,67.19247759811373,4.250557088493643,52.84214142691332,22.60364074105687,0.0131079885998018,1271.8614501953125,0.03993271586005114,1
2023-12-15,1238.63232421875,17.231676687182244,14.118673518594278,0.0308946101011476,3.826706271541752,0.0139118577403919,72.15679718452647,4.964319586412742,74.79515489123747,21.95301346432415,0.0120011019393702,1273.102294921875,0.027829057928765465,1
2023-12-18,1251.239013671875,20.08280690004108,16.194837503404642,0.0369624548966416,4.624886560776531,0.0160503362511901,74.88200547192977,2.725208287403305,79.63832736631981,4.843172475082341,0.0174335387433062,1279.554443359375,0.022629912732984394,1
2023-12-19,1269.6527099609375,24.111004403655897,18.902373813445596,0.0462993909419079,5.878414717893293,0.0189902358452003,77.59460158675405,2.7125961148242794,82.50775877967358,2.869431413353766,0.0190375471297991,1283.9222412109375,0.011238924737489057,1
2023-12-20,1254.2913818359375,24.454989765481287,20.40577760786323,0.0314721847097842,3.947529004903117,0.0194970563615656,75.55470279820103,-2.039898788553017,55.96297058194442,-26.54478819772916,0.0312011953003352,1293.2034912109375,0.031023181645435032,1
2023-12-21,1271.8614501953125,26.511352234862212,22.55441982973616,0.0407744229742564,5.185941673491243,0.0208445284907338,77.01067098570596,1.4559681875049222,59.88389304569307,3.920922463748653,0.0215605545051759,1282.97900390625,0.008741167293992786,0
