Date,Close,High,Low,Open,Volume,EMA_8,EMA_21,EMA_50,EMA_200,EMA_TREND_SCORE,RSI_14,SMI
2022-01-20,1127.2696533203125,1142.0575796806486,1117.0545865844654,1137.5529609143537,16494486,1138.6588834249112,1124.0198520487502,1110.070625937601,1098.5014176920192,0.012986272923290841,61.17187805418366,11.803934262588
2022-01-21,1127.45166015625,1138.5539787102412,1115.689679954786,1115.689679954786,13338594,1136.1683893652087,1124.3318346039773,1110.7522351226462,1098.7894798060913,0.010498503110626459,61.218971541061485,2.302431565934894
2022-01-24,1081.9730224609375,1139.6912967231897,1071.598729229798,1126.1545759538076,21868937,1124.1249744975928,1120.4810335000645,1109.6236385476773,1098.6221518723087,0.003367866778452712,39.32087841270136,-41.032157103015116
2022-01-25,1079.8572998046875,1086.8644436444313,1048.802657948011,1069.0734401117095,24510205,1114.2877134547248,1116.7879668004848,1108.4563311459913,1098.4354369263624,0.0,36.93207619668619,-44.981276105512755
2022-01-27,1063.863525390625,1072.0537511885557,1051.5554999211186,1062.9080331478983,20020431,1103.0823383293693,1111.976653945043,1106.7075936653887,1098.0914378066038,0.0,38.82235673998505,-60.84586523090116
2022-01-28,1062.83984375,1081.0630398643073,1059.4500666597933,1076.103482458547,14667727,1094.1395617561761,1107.509671200039,1104.9872897471382,1097.7406756766873,0.0,34.98275433434627,-68.90914509721543
2022-01-31,1085.9317626953125,1094.9409997464795,1072.0993294430996,1073.91944662709,12143683,1092.3156064093175,1105.5480431541548,1104.2400141764786,1097.6231740549822,0.0,43.27578642950651,-53.102360895025136
2022-02-01,1082.337158203125,1101.402112704543,1067.9587979070466,1095.6690383601324,13200509,1090.098173474608,1103.4379627040612,1103.3810786481117,1097.4710743947646,0.0,39.68595737632906,-48.41752624550661
2022-02-02,1084.5438232421875,1095.2138271372608,1080.6989871423398,1095.2138271372608,10017691,1088.863873422959,1101.7203136620726,1102.6423627498402,1097.3424450300624,0.0,27.94612562886698,-44.24615509435787
2022-02-03,1070.529541015625,1092.6886822523618,1068.0042683536662,1088.3887863228124,9572839,1084.7895773324403,1098.884788876032,1101.3830364073222,1097.075649965242,0.0,22.210324091998416,-53.93728489169922
2022-02-04,1060.7694091796875,1068.5729364671636,1056.1283095273284,1065.1830393454286,11061241,1079.451762187384,1095.4197543581824,1099.7903451434934,1096.7143938380227,0.0,20.002851727232297,-66.80885408309973
2022-02-07,1054.308349609375,1072.372315976767,1048.8026250078512,1065.638135750538,10714467,1073.8643371700487,1091.6823539264726,1098.0067374754888,1096.2924431491806,0.0,16.13131826774014,-78.62115904702702
2022-02-08,1072.031005859375,1073.8283759531455,1051.077695211511,1060.4737500675897,12060849,1073.456930212121,1089.8958677385547,1096.9880813336804,1096.0510358129636,0.0,26.697539129299997,-68.2543738739385
2022-02-09,1084.521240234375,1086.2047554004216,1072.918489334838,1078.9017802245178,11486225,1075.9156657726219,1089.4072652381747,1096.4991856042957,1095.9363114788484,0.0,31.966573339947473,-47.959599236231426
2022-02-10,1083.406494140625,1090.0723137940836,1076.1490130370194,1090.0723137940836,12464491,1077.5802942988448,1088.8617405929429,1095.9857467233676,1095.8116366794632,0.0,35.87338979359322,-36.6635407769072
2022-02-11,1081.29052734375,1084.9761347999724,1066.593591416207,1079.857228868873,15943370,1078.404790531046,1088.1734484793799,1095.4094636104414,1095.6671480293567,-0.009034258324939818,35.31621897841964,-32.719136566166476
2022-02-14,1064.068359375,1071.5305623649283,1052.4427424947037,1064.8418760134352,10719633,1075.2189169408136,1085.9820767426181,1094.1804006992477,1095.3527322218506,-0.010115101823088148,43.05631169077094,-36.03440436916759
2022-02-15,1100.1964111328125,1102.9037798370225,1062.7716573911962,1069.824295697398,11212671,1080.7694712057023,1087.2742889599085,1094.4163226770347,1095.4009280319099,-0.005912414990981981,56.24129085618563,17.49706274938666
2022-02-16,1097.9212646484375,1107.0442358991004,1090.1860980638264,1105.6791781831728,10392840,1084.5809808596434,1088.2421958406837,1094.5537713817957,1095.4260060081938,-0.0033346789965058654,61.411821295609286,41.942471745949526
2022-02-17,1111.82177734375,1117.0089242641511,1096.5789142269996,1101.1745201113265,12853252,1090.6344911894448,1090.3857941591443,1095.2309480861861,1095.5891480115326,0.0,65.10872741183877,64.56758156899186
2022-02-18,1103.13134765625,1117.6916849602303,1101.1974955017408,1112.2315735155196,6775458,1093.4115704042904,1091.5444808406994,1095.540767677169,1095.6641947741668,0.0,55.82260476010615,61.037581310972264
2022-02-21,1091.9833984375,1109.091873871227,1085.021748188729,1097.4890031023697,11107193,1093.0941988561149,1091.5843824404085,1095.4012630011036,1095.627569934996,0.0,53.106679624597426,42.917335793683705
2022-02-22,1087.023681640625,1090.1633625619224,1067.9814753307442,1070.5977356852184,13494914,1091.7451950304503,1091.1697732767918,1095.072730398732,1095.5419591061964,0.0,50.784750158572464,26.814936547318595
2022-02-23,1080.22119140625,1095.009115283983,1077.468449525144,1092.529336789828,7310110,1089.1843053361836,1090.1744476521972,1094.490317104909,1095.3895136564456,-0.0009166107125935988,53.213598190534626,8.945162825483276
2022-02-24,1026.393310546875,1064.6826864402094,1020.7739713257804,1048.8026672886117,24846650,1075.2307509385596,1084.3761624608042,1091.819846259496,1094.702984272271,-0.008910240770540262,41.17923804333186,-48.04998866522456
2022-02-25,1039.224853515625,1050.1450756675365,1035.7212210618118,1037.4729771115954,14570089,1067.2294404001295,1080.2714980112423,1089.757297524442,1094.1509630707124,-0.012549793788122394,46.25216564187927,-55.5335741267275
2022-02-28,1073.62353515625,1077.1726610969984,1020.5919703644312,1020.5919703644312,21297446,1068.650350345934,1079.6671377516975,1089.1246009609836,1093.9467100566383,-0.010261313249024715,50.365417386988376,-21.894253432635743
2022-03-02,1091.369140625,1092.483981972098,1059.8140635885236,1062.2028545911362,21471786,1073.6989704079485,1080.730956194725,1089.2126221242784,1093.921062599607,-0.006443269765488685,51.53429672004351,12.588332406617297
2022-03-03,1082.1551513671875,1098.785820478749,1078.4013026500006,1092.0288927878123,10186748,1075.578121732224,1080.8604284831306,1088.9358585651769,1093.8039888560008,-0.004881284115529088,49.72945125398328,19.763210585899124
2022-03-04,1058.1531982421875,1075.7848524224223,1055.787154408625,1070.643199306108,10805667,1071.705916512216,1078.796134824863,1087.7286954152557,1093.4492546210377,-0.006700559356079409,45.43004465773255,-1.5347219710728937
2022-03-07,1019.022216796875,1052.0333374144284,1011.0367133096933,1036.8358471079189,17983310,1059.9984276865846,1073.362142276864,1085.034323704731,1092.7086870804987,-0.013114252437288369,41.811427937423716,-45.33531194761302
2022-03-08,1017.1793212890624,1021.9570232050448,991.92617525868,1006.2590402981642,21289374,1050.4830707093574,1068.2546130961548,1082.373343217842,1091.9571511024747,-0.017471395667261153,32.760068262500326,-53.35718565481573
2022-03-09,1071.1436767578125,1077.0133522040442,1016.5649623830144,1017.40684017154,20414228,1055.074316497903,1068.5172552472145,1081.9329641409781,1091.750051855264,-0.01255007992018509,45.42199260045813,-11.693115477198802
2022-03-10,1088.50244140625,1094.3038764083778,1073.8283721325647,1092.028820377732,17980493,1062.502788699758,1070.3340903525814,1082.1905907004007,1091.717737323433,-0.007194565078518387,46.05982128198126,21.745647923003332
2022-03-11,1091.6419677734375,1097.0339575128753,1081.1311923906428,1081.1311923906428,12257423,1068.9781618272423,1072.2711701181138,1082.561232938559,1091.7169833975624,-0.003016564393899294,48.021571618893,45.41528512591257
2022-03-14,1100.605712890625,1103.1311056498985,1080.1984500463022,1086.06812572994,8340678,1076.006506507994,1074.8470376428875,1083.2688596033458,1091.8054284671452,0.0,51.49598354447753,69.4892173977433
2022-03-15,1075.398193359375,1104.7464533796308,1065.1148867530296,1104.7464533796308,15925769,1075.8713258083008,1074.8971427080228,1082.960206025151,1091.6421723964213,0.0,48.115376121342905,58.86138788757685
2022-03-16,1093.55322265625,1095.6235563592827,1081.6091471404573,1083.8387095081289,11149828,1079.800636218956,1076.5931499760434,1083.375618442057,1091.661187821892,0.0,52.08454691413917,69.44464149057427
2022-03-17,1129.203369140625,1136.3469946247096,1098.8994972340938,1106.9304944761457,21422098,1090.7790213126602,1081.3758971728234,1085.1727851361186,1092.0347418648646,0.0,67.04384020049004,81.0140133184951
2022-03-21,1122.6966552734375,1130.249846191458,1109.7743416930666,1112.0493977484434,11999466,1097.8718288594996,1085.1323297274246,1086.6443094552292,1092.3398355306217,0.0,64.13435179891297,81.05755563275365
2022-03-22,1151.703857421875,1153.4328665457272,1116.417676927256,1119.3751418583722,22557065,1109.8345018733608,1091.1842867905564,1089.1956642774505,1092.9305223156093,0.0,63.467305831395585,90.15725392037314
2022-03-23,1155.366455078125,1167.0375661035232,1147.9953600851836,1147.9953600851836,15462187,1119.9527136966417,1097.0190293621533,1091.790597250026,1093.551775377923,0.0,61.601895726206706,88.27377511080034
2022-03-24,1173.3165283203125,1175.8191739001288,1142.0800356544312,1142.0800356544312,13168266,1131.8113391685686,1103.9551656310769,1094.9876925861156,1094.345454511678,0.023741397027253884,66.01899471634911,93.05946249835627
2022-03-25,1181.1429443359375,1190.3114093068612,1172.5659000566366,1175.0685459381182,14222488,1142.7739180946505,1110.9722364224278,1098.3663299096381,1095.2091111268448,0.02692449870248536,72.91455722976235,91.82948994023747
2022-03-28,1193.018798828125,1196.5678044575318,1176.8885634283015,1187.5813149251485,9891424,1153.9394471465337,1118.4310148229458,1102.0781914358533,1096.1823418502406,0.02976351450494071,86.08228110855717,94.29462381977787
2022-03-29,1193.291748046875,1200.321638726132,1186.3983390664755,1200.321638726132,8684065,1162.684402902165,1125.236536025121,1105.6551936558933,1097.1486045984657,0.03138198763071717,86.76040949509229,93.3509582929692
2022-03-30,1216.224609375,1223.0725256096823,1190.812170111679,1201.18646593222,15811550,1174.5822265627949,1133.5081790569282,1109.9912491742898,1098.333440466889,0.033771761555601194,84.79002218242513,92.43184938190913
2022-03-31,1198.8428955078125,1214.7456618708436,1196.0446595036312,1212.584340487485,13223718,1179.9734863283543,1139.4476987342812,1113.475627461879,1099.3335345468984,0.03380408537759818,76.4564358539528,81.42540382552316
2022-04-01,1208.443603515625,1212.6752582349072,1193.0415116671982,1199.4116203413212,7922880,1186.3001790366368,1145.720053714403,1117.199861816928,1100.4192068749455,0.0335804874999357,77.16398851482518,81.4507749057742
2022-04-04,1212.0155029296875,1217.157156093152,1201.9825334062043,1208.2616544203254,7929162,1192.0146954573147,1151.7469127339743,1120.9181222527227,1101.5296177809628,0.03322381819869874,76.57654929335484,83.69739003339897
2022-04-05,1194.88427734375,1214.8366019261357,1192.4499926471442,1206.2823045318924,13149870,1192.652380320967,1155.668491334863,1123.8187557857043,1102.4585198661646,0.030951858424583194,79.6454167918512,72.64384793013919
2022-04-06,1191.6993408203125,1198.72923220727,1177.1617516980632,1177.1617516980632,12257215,1192.4405937652662,1158.9440231062674,1126.4807395125517,1103.3464882338676,0.028108239647041504,76.30483274780944,62.17431250067793
2022-04-07,1170.677734375,1185.7613700217532,1168.015859682402,1180.8016922079776,15496499,1187.6044027896514,1160.0107241306976,1128.2139549973538,1104.016450882038,0.023570687174370455,62.06163768865058,37.47315158580781
2022-04-08,1190.1522216796875,1194.4066235414564,1164.8307737717014,1164.8307737717014,15152495,1188.1705847652152,1162.7508602715147,1130.6429066319552,1104.8735232282834,0.021358380911834125,68.2416337438996,37.838337443948454
2022-04-11,1187.6724853515625,1200.572052745213,1175.296097837182,1183.03126481227,9254209,1188.0598960066256,1165.0164625515192,1132.8793606993906,1105.6973934981668,0.019402178411403837,61.35609472591288,27.455853022016193
2022-04-12,1165.30859375,1184.2143186613282,1162.737706900729,1177.116066491659,13217742,1183.004051060709,1165.0430199331993,1134.1510953288264,1106.2905397693294,0.015413111362811156,52.80742948852293,-4.173372123042425
2022-04-13,1161.0313720703125,1179.664132404293,1158.2330158892628,1171.4284128604863,10354235,1178.1212335072873,1164.6783246729367,1135.2052238284925,1106.8352246678467,0.011578419978763967,46.240668909913516,-40.74629715962917
2022-04-18,1157.482177734375,1164.7396576746369,1147.4492090807853,1152.545367902538,9974224,1173.5347766688624,1164.0241294967036,1136.0788298640173,1107.3391744496032,0.008216668347131409,42.56503850795207,-56.92745975317539
2022-04-19,1201.595703125,1213.972089786732,1160.7584292751112,1163.920736701103,26141820,1179.7705381035596,1167.439727099276,1138.6481190115067,1108.277050356821,0.01026202987595136,52.24108630584056,-7.138329951140535
2022-04-20,1236.9273681640625,1244.0028730390352,1205.3722941596611,1209.0124078704498,25072240,1192.4720558947824,1173.7567853778928,1142.5022072135675,1109.5571530215698,0.015130452279237865,59.6362173810606,44.59854015432706
2022-04-21,1265.8890380859375,1269.0285988217172,1243.092861615674,1251.6926535659309,21708633,1208.7869408261502,1182.1324447149877,1147.3409064634645,1111.1126941664888,0.021055949857552145,60.68311926884948,73.98021612049077
2022-04-22,1255.287109375,1274.943602182277,1248.6439171934,1255.3326032722164,15054154,1219.1203116147835,1188.7828687749889,1151.5740908913679,1112.547265462096,0.02416773231655307,62.50626813160182,71.32751407368177
2022-04-25,1226.2574462890625,1255.1051538112451,1211.9928211860372,1247.825046254362,17063215,1220.706341542401,1192.1896485489954,1154.5028499265716,1113.678710047439,0.023255062042398862,53.634103812184385,46.32183438405174
2022-04-26,1262.9541015625,1271.7586153913803,1232.0360622414871,1233.0825422871724,12227666,1230.0947326579785,1198.622780641132,1158.755840186804,1115.1640373261957,0.024919315735947977,59.15445930227711,64.16916159145202
2022-04-27,1264.1827392578125,1286.7740721528176,1253.5808548135026,1253.9449263825295,19338945,1237.6698452357193,1204.582776879012,1162.8902283856673,1116.6468104797443,0.02617269428637534,63.209025340141835,65.96493812343873
2022-04-28,1283.0657958984375,1297.2394339221792,1267.7090756457555,1278.56117721433,25614076,1247.757834271879,1211.717596789869,1167.6029957391095,1118.302720782418,0.02808915770120229,66.43205083508892,73.99891130915907
2022-04-29,1269.597412109375,1299.5827089210004,1263.7049887259216,1299.5827089210004,18214862,1252.6110737913225,1216.9793981825514,1171.6027767732376,1119.8081405966166,0.028065334151532912,68.28732184332412,67.03153396819798
2022-05-02,1265.13818359375,1276.5362108883514,1254.9458650066724,1256.7432351242765,9467006,1255.3948759696398,1221.3574695835694,1175.2708319426695,1121.25421067619,0.026904101723800478,64.67754722472176,60.758609406473475
2022-05-04,1225.64306640625,1269.4835388914837,1217.748671405608,1267.2084828840266,19247660,1248.783362733331,1221.7470692947222,1177.2462136863394,1122.2929057580811,0.02205886377498365,56.49158893093879,31.50662446119278
2022-05-05,1201.641357421875,1242.182926337161,1197.591798062594,1239.2253410637345,17210669,1238.3073615530075,1219.9192773062816,1178.2028859896939,1123.0824425905569,0.015302472849451127,56.17698966648514,1.2346003663988219
2022-05-06,1192.42724609375,1209.8769247815503,1180.0963532492094,1188.582409796725,19649948,1228.1117803398392,1217.420001741506,1178.7607040329901,1123.772440635365,0.008966399110183246,55.24953963581529,-19.86670045553454
2022-05-09,1145.8568115234375,1181.711782557566,1140.715158224648,1171.6331985147317,18083752,1209.8328983806389,1210.914257176227,1177.4703553071254,1123.992185619326,0.0,48.30066224834688,-57.53704600793641
2022-05-10,1125.9954833984375,1149.633416525882,1118.419545268301,1135.255056944122,19511677,1191.2023617179275,1203.1943686509733,1175.4517328793336,1124.012118930561,0.0,38.10582662139848,-75.89592597880245
2022-05-11,1114.4609375,1130.6821606199796,1102.0163098457965,1125.0854480941018,16643899,1174.1487118917214,1195.1276930917938,1173.0599369821048,1123.917082299411,0.0,29.17283405736596,-82.11015833974321
2022-05-12,1091.755859375,1107.885974171999,1078.378486557952,1104.5416911448524,20490321,1155.8391891102278,1185.7302536629943,1169.8715417818262,1123.597070131009,0.0,19.742267144681918,-85.28215631133351
2022-05-13,1104.1322021484375,1127.5197990708434,1099.0132956252585,1103.8592387327842,19308778,1144.3487475631634,1178.3122489798527,1167.2935284628697,1123.4033898525756,0.0,23.895988798300692,-80.80476900799573
2022-05-16,1104.4051513671875,1128.8847193240686,1099.6047027471154,1107.7039403213955,13437911,1135.4723928529465,1171.5934219241558,1164.8273175963725,1123.214352653716,0.0,26.63584257712732,-78.58852083474916
2022-05-17,1150.7935791015625,1155.685015762583,1106.5891549718588,1107.9997065605392,16551828,1138.8771009081945,1169.7025271221019,1164.2769749103018,1123.4887728173765,0.0,29.26480962519007,-56.31649161438765
2022-05-18,1154.979736328125,1169.3808421611643,1141.2839062872033,1155.5712773721964,17276788,1142.4554643348458,1168.3640915953765,1163.912377318844,1123.8021157378814,0.0,30.029944223470423,-43.45948294063543
2022-05-19,1128.3614501953125,1143.2176150806663,1122.0823293936187,1130.2498080381897,14699118,1139.3234611927273,1164.7274878317342,1162.5182233139997,1123.8474822498958,0.0,22.487428349625176,-49.14928891341954
2022-05-20,1194.1563720703125,1203.2338502041005,1138.440180194292,1143.2177622581032,21793091,1151.5085524988574,1167.4028409443322,1163.7589350299336,1124.5470731933826,0.0,38.68877470526458,-17.916587883399608
2022-05-23,1186.1710205078125,1207.397297299702,1179.8462844678352,1197.364206197713,15252755,1159.2113231675141,1169.1090390864665,1164.6378403427916,1125.1602467985012,0.0,38.28396920684033,-3.2545520319575756
2022-05-24,1190.2432861328125,1200.3217504414995,1181.9848186867473,1186.2164738705717,13527818,1166.1073149375804,1171.030334272498,1165.6419754718122,1125.8078392296884,0.0,44.130984121407344,14.670635739533417
2022-05-25,1188.491455078125,1208.8304783808387,1183.713752995507,1198.956737262974,12714544,1171.0815683021458,1172.6177088911913,1166.5380334955894,1126.4315568003196,0.0,47.64618789243312,36.817649941816555
2022-05-26,1177.16162109375,1198.9111951609143,1159.37061802393,1194.1334932703796,17882023,1172.4326911447245,1173.0307918186966,1166.9546447739485,1126.9363335594583,0.0,47.28801797347351,43.46251214792961
2022-05-27,1171.701416015625,1185.3744993862058,1155.7760235250337,1179.868894988702,16521973,1172.27018556048,1172.9099394729628,1167.140792665779,1127.3817572654898,0.0,55.37673102758216,43.27866615988287
2022-05-30,1212.51611328125,1216.7021540363792,1180.392243237482,1189.8564191042008,13853398,1181.2137250539845,1176.5105007282616,1168.9202170036406,1128.228865285547,0.003878896349670156,66.55638065027014,68.73215995223154
2022-05-31,1197.88720703125,1218.8860090470794,1190.1747884499268,1201.8685245305114,70620653,1184.9189432711546,1178.453837664897,1170.05617739688,1128.9219831138626,0.0053970904508448495,65.77740594428778,69.42812497899038
2022-06-01,1198.2742919921875,1208.1480337988985,1190.402522676765,1198.638243225424,9776989,1187.8867985424952,1180.255697149196,1171.162770126108,1129.61205583902,0.0063684095071521885,72.00182550308494,67.6610510363684
2022-06-02,1239.5892333984375,1243.2975879303071,1198.5016232049925,1198.5016232049925,22126569,1199.3762285104822,1185.649654990036,1173.8461608426699,1130.7063561132431,0.011073485595557861,74.99153183669057,81.9566582964227
2022-06-03,1264.705810546875,1281.9280190654465,1247.6428306711036,1248.552949338414,23939791,1213.8939134074583,1192.8365782224757,1177.409284360482,1132.0396840180556,0.016649986905553228,77.09158982158353,81.05662999380971
2022-06-06,1259.2685546875,1280.403842003274,1252.102061607887,1264.9335082984549,11093152,1223.9771670252453,1198.8758488102053,1180.6194518242864,1133.3056429301896,0.01993325261843702,71.27808797070293,76.29464678587367
2022-06-07,1261.6346435546875,1269.9840987331656,1252.2159612910536,1260.337826598074,12358255,1232.3454951428992,1204.5811937869762,1183.7965181666552,1134.5825484090403,0.02200660983570991,71.07152796836994,75.44656988075255
2022-06-08,1239.4757080078125,1265.3885798546414,1235.9493284759294,1261.6347307898145,12479250,1233.9299868906576,1207.7534223525067,1185.980015807485,1135.626261439874,0.021119062172040445,72.34630178633329,59.01815451832773
2022-06-09,1273.4649658203125,1275.3986973973456,1233.082627965682,1233.082627965682,17278305,1242.7155377639142,1213.7271990313982,1189.4107981609293,1136.9977908366943,0.022763357854798105,68.28961103160009,71.5566019728826
2022-06-10,1235.0164794921875,1269.4381532361936,1229.215044054509,1261.24792684013,18093057,1241.0046359257526,1215.6625881641971,1191.1992562523512,1137.9731011715749,0.02051960292220197,59.87669374553238,49.67704436898613
2022-06-13,1211.6513671875,1216.1559851600953,1190.4478410589338,1205.7818119372728,17620803,1234.4816873172522,1215.2979317117702,1192.0012998184354,1138.70621824636,0.015832735492232877,54.015482647848756,19.86984813178022
2022-06-14,1195.8170166015625,1215.7238471836963,1189.151077141205,1205.804612494347,14714312,1225.889538269321,1213.526939429024,1192.150935770715,1139.2744848966609,0.010338202809181319,51.30509821456145,-7.979454864676111
2022-06-15,1181.34765625,1200.0031636736535,1175.933039795803,1191.0166743810375,11195535,1215.9913422650275,1210.6015500491126,1191.727277750295,1139.6931234175897,0.00456240987773568,50.73752009834748,-33.56062440391583
2022-06-16,1164.830810546875,1209.8997420887065,1162.1006949883244,1193.4965424947006,17111475,1204.6223352165491,1206.4405737307275,1190.6725143305528,1139.9432496576821,0.0,48.83488987717946,-63.61081363468058
2022-06-17,1178.4810791015625,1194.3382305909047,1163.0562400137392,1164.830742811065,24457187,1198.8131671909964,1203.8988014917124,1190.1944188313767,1140.3267106471735,0.0,43.64267170361303,-68.06930881630944
2022-06-20,1157.118408203125,1190.8120593552974,1147.1308115234451,1185.3063342518617,12066797,1189.5476651936917,1199.6460384654772,1188.897320375367,1140.4937922148945,0.0,42.57174961499556,-77.0655548993976
2022-06-21,1175.7965087890625,1180.0280429847403,1150.406822198094,1164.83067428948,11720049,1186.4918526593297,1197.4778994039848,1188.383563058257,1140.845063026578,0.0,46.16037760241815,-67.02121228690935
2022-06-22,1140.0780029296875,1164.057137590061,1137.9849226393887,1163.966149797555,10617206,1176.1776638305203,1192.2597269972305,1186.4892273669407,1140.837430587803,0.0,32.670300422615455,-82.73578229801333
2022-06-23,1121.5819091796875,1148.9054514666468,1112.5044311379245,1144.3780859216936,19446323,1164.045273908113,1185.8344708319994,1183.9438423399897,1140.6458333598616,0.0,24.486929804137475,-86.279905384449
2022-06-24,1137.5528564453125,1142.5351607614082,1122.9696539988313,1128.429884986889,14240234,1158.1580700274906,1181.4452331604823,1182.124587991179,1140.6150574701646,0.0,29.08844806606497,-77.49079866828056
2022-06-27,1134.185791015625,1157.9829545073123,1129.135125114688,1157.9829545073123,15474529,1152.8308969137427,1177.1489202382227,1180.2446351686083,1140.551084669622,0.0,28.17850942846502,-75.40300618005088
2022-06-28,1150.1339111328125,1152.9777615415514,1129.38544140432,1129.38544140432,13572847,1152.2315667402027,1174.693010319549,1179.0638224613222,1140.6464361767185,0.0,34.370705023238244,-64.51670754898481
2022-06-29,1173.999267578125,1181.6663139665932,1137.985067118919,1140.8061704616557,19205146,1157.0688335930743,1174.6299427976014,1178.8652124659027,1140.9783051458867,0.0,31.960674139890713,-43.38949736301678
2022-06-30,1181.0518798828125,1190.2658381550734,1167.560773223342,1173.9308815535303,23112959,1162.3983994352384,1175.2137552598933,1178.950964129311,1141.37704718307,0.0,38.95505249671709,-13.565721937248663
2022-07-01,1095.9874267578125,1179.391106293829,1076.103462886294,1171.610445710058,81997149,1147.6404055069215,1168.011361759704,1175.6974920755267,1140.9254091688886,0.0,31.100339129910964,-43.41283211064493
2022-07-04,1098.2623291015625,1111.1391472548082,1076.6037450673573,1082.4506733389208,41857728,1136.6674996390639,1161.6705406089636,1172.6608190177242,1140.5009009095124,0.0,33.32029570509637,-55.06864198947158
2022-07-05,1107.157958984375,1121.5590649917854,1099.8094906293034,1102.4941121326235,17647327,1130.109823938022,1156.7148513703646,1170.0920794085732,1140.1691303430932,0.0,37.068728536960045,-54.32646092517236
2022-07-06,1097.4207763671875,1111.116607529142,1086.5687955560873,1101.174625131128,23943726,1122.8455911445033,1151.3244809155303,1167.2422243873425,1139.7437735871142,0.0,37.96601423185094,-58.82896291308863
2022-07-07,1086.6142578125,1107.1580039571163,1080.6535938667355,1103.813720771296,23301033,1114.7941837373914,1145.4417333607093,1164.0803433451917,1139.2151216888594,0.0,33.43178630948843,-69.70505139061008
2022-07-08,1088.1158447265625,1100.2191487523794,1084.0889121323955,1100.2191487523794,19010108,1108.8656639572073,1140.2302889394232,1161.1013433993633,1138.7066711718217,0.0,36.59504475598703,-74.2059694787532
2022-07-11,1102.9036865234375,1105.1331283386687,1078.3785026593284,1081.336087585235,13847467,1107.5407800830362,1136.836961447061,1158.8190823454054,1138.3504225683553,0.0,35.621969753881885,-63.771611512017756
2022-07-12,1101.3338623046875,1110.092882939669,1093.8489116704193,1093.8489116704193,10778989,1106.161465021181,1133.6094069795724,1156.5647599908675,1137.9820985856322,0.0,41.167942440469766,-59.81270258328648
2022-07-13,1081.8138427734375,1107.499363443423,1079.7436294761944,1104.4507905221294,14224132,1100.75088229946,1128.9007193244693,1153.633351472537,1137.423210468098,0.0,40.97665308003629,-74.85242471621582
2022-07-14,1090.7320556640625,1107.4765795757364,1081.540843303509,1086.5687619025882,16970315,1098.5244763804828,1125.4308408098866,1151.1666339898518,1136.9586218630827,0.0,39.02513977670064,-74.61277862199313
2022-07-15,1092.847900390625,1098.8540583216684,1084.33921677306,1098.8540583216684,9603210,1097.2630150494033,1122.4687553172264,1148.8796248290978,1136.5197092116157,0.0,40.25316892895382,-72.64088009264819
2022-07-18,1102.1529541015625,1103.4041567519191,1088.5252438187729,1101.584159976362,15160908,1098.3496681721053,1120.6218642976205,1147.0472063691943,1136.1777514493267,0.0,38.320972687727306,-63.50645344255681
2022-07-19,1108.909912109375,1113.4145306244031,1092.1653876854057,1092.1653876854057,16439888,1100.696389047054,1119.5571413714163,1145.5516262021426,1135.9064296648496,0.0,32.7171906278199,-53.01883454099075
2022-07-20,1138.89501953125,1156.8679986086788,1131.2735877067614,1155.730530749646,23924246,1109.1849735990977,1121.3151302950375,1145.290582803284,1135.9361668774507,0.0,40.02153171015291,-17.586028889723266
2022-07-21,1131.2962646484375,1137.5300117770723,1122.651100250388,1134.7998965175696,16523230,1114.0985938322842,1122.2225061453466,1144.7417860128978,1135.8899986960676,0.0,63.19725296384979,5.290012303305578
2022-07-22,1138.940673828125,1144.9468316984942,1135.255066011831,1137.5301221641157,10969995,1119.6190560535822,1123.7423395710537,1144.5142914174166,1135.920353672506,0.0,64.6174658444597,27.535620852950466
2022-07-25,1101.31103515625,1122.7194053701078,1093.3938930172108,1122.7194053701078,23110452,1115.550606965286,1121.7031300787987,1142.8200460738415,1135.5759823439862,0.0,48.25856863634777,-5.338349059341652
2022-07-26,1101.8115234375,1112.003841391494,1097.1931707363617,1101.6295478483066,11303288,1112.4974772924447,1119.8948022023171,1141.2118687155535,1135.2400175787477,0.0,51.38386910858192,-22.379659562651817
2022-07-27,1100.7652587890625,1104.314264889533,1092.9389830261998,1101.1064630855503,8655086,1109.8903176250265,1118.1557528011122,1139.6257271498089,1134.8969851529798,0.0,54.752485395100955,-32.538334028825204
2022-07-28,1118.0101318359375,1122.9469424061926,1101.5841851617515,1108.4093537574902,12496073,1111.6947207830067,1118.142514531551,1138.7780567453435,1134.7289567617656,0.0,59.079604387977405,-15.882436392772822
2022-07-29,1141.829833984375,1145.3107190485075,1121.149607208918,1126.0181765545474,15130683,1118.3914126055329,1120.2959072090803,1138.8977342841292,1134.799612256518,0.0,61.207887342952915,22.100823221119605
2022-08-01,1171.5877685546875,1177.4574449449278,1140.9881839019702,1146.2435722402156,15700044,1130.2128250386784,1124.9588036950445,1140.1796964123864,1135.1656635629674,0.0,67.4030843664953,58.72741845886207
2022-08-02,1176.0467529296875,1186.580275301345,1165.535977507085,1170.518401829726,13917913,1140.3981423477915,1129.6031627163757,1141.586247648359,1135.5724405715914,0.0,75.22534180325727,70.27877400796186
2022-08-03,1185.920654296875,1187.5814225116324,1168.2207573838157,1183.0313099580328,14250977,1150.5142561142545,1134.7229346782392,1143.3248518306536,1136.0734178225894,0.0,75.35145833834542,83.98066450694357
2022-08-04,1170.245361328125,1191.107684300821,1153.455464512121,1187.5813052958538,14467127,1154.8989461617814,1137.9522461918652,1144.3805580854564,1136.4134371609528,0.0,69.22465840483,71.48695058963143
2022-08-05,1153.0003662109375,1173.384882192994,1149.7925649671015,1172.1109326876474,13942438,1154.4770395060382,1139.32025710269,1144.718589776652,1136.578481231102,0.0,62.150656448503916,47.504513047512106
2022-08-08,1168.0841064453125,1175.546309977684,1151.6354129424303,1151.6354129424303,10165178,1157.5008321592104,1141.9351524974738,1145.634884547972,1136.8919700392034,0.0,63.599256011243995,50.272241890174826
2022-08-10,1175.0684814453125,1178.435511229753,1163.4883590271854,1172.5203418043282,10724688,1161.4047542227886,1144.9472733109137,1146.7891432498284,1137.271835824339,0.0,59.296062459571495,58.75642074085533
2022-08-11,1178.9815673828125,1187.5357439542795,1174.02189010763,1184.4416775272762,8198226,1165.310712702794,1148.0413000447227,1148.0515912550434,1137.686858028901,0.0,62.49106269225604,67.00581069371387
2022-08-12,1198.046630859375,1201.845973401522,1174.9321182963515,1178.617605730641,12650587,1172.5853611820344,1152.587239209691,1150.0121810434484,1138.287452783433,0.016692273453495252,64.60861148858214,80.67310459165574
2022-08-16,1206.3734130859375,1209.1035287580976,1195.4531911057852,1204.052862906299,6607378,1180.0938171606795,1157.4768913802588,1152.2224254372716,1138.964925025249,0.018747864910721033,80.365641884335,88.40244080609061
2022-08-17,1212.6754150390625,1218.0217913259337,1208.307278058384,1212.60717418195,6595965,1187.3341722447644,1162.4949389856047,1154.5931309118519,1139.6983627368293,0.02048300225362418,81.00272751168325,90.02537781221497
2022-08-18,1214.87451171875,1218.3894546289891,1205.24240897424,1214.2810405952932,7410035,1193.4542476834279,1167.2567183249814,1156.9571066297697,1140.446384119734,0.02156397974090621,81.70585198646813,91.99761700788923
2022-08-19,1193.213623046875,1215.0569809988342,1189.1507309375147,1209.7159828214287,9460724,1193.4007755419716,1169.6164369360624,1158.3789308029895,1140.9714312732378,0.019933009602401103,70.39517984539752,72.14129130385845
2022-08-22,1189.904052734375,1201.1795211355932,1180.500282384016,1194.6517009933089,9471680,1192.6237260291723,1171.4607656449998,1159.6152100944164,1141.4583230290702,0.017785434326020193,64.66968038584346,52.96012287711896
2022-08-23,1208.2552490234375,1211.1768414672938,1182.9424687305054,1184.1522321085429,9678484,1196.0973978056757,1174.8057186794033,1161.5226626014369,1142.122969058865,0.017621838716182846,62.026148605690615,60.418069046489094
2022-08-24,1205.0369873046875,1218.846089361482,1203.0284828486283,1205.1968562417935,10369622,1198.0839732499005,1177.5540158271563,1163.2291067074466,1142.7489791906644,0.017036786122775958,59.58619453652141,60.22711013771609
2022-08-25,1201.52197265625,1215.6048071686444,1197.2080472965745,1209.2367351350583,7871946,1198.8479731179782,1179.7329209934373,1164.7307877250466,1143.3337850957946,0.015909032510060955,55.38535958860818,55.231667581775945
2022-08-26,1195.1080322265625,1209.715993824914,1190.0866510806784,1201.9554689456972,10742038,1198.0168751421081,1181.1306583782668,1165.922052215302,1143.8489517339117,0.014129447973319347,59.168462021162526,43.481864145185426
2022-08-29,1185.818359375,1211.9984634718255,1176.8710131510943,1180.0436382797463,19838975,1195.3060938605286,1181.5568130143336,1166.7022995548982,1144.2665577800917,0.011594761320310247,62.85642144405858,23.095814486520077
2022-08-30,1204.2152099609375,1207.5477042577893,1176.2091689010513,1193.282179919688,23139054,1197.2858974383971,1183.6166672822064,1168.1733940806253,1144.863061781891,0.01135115222189735,63.7962054911495,33.812756958327704
2022-09-01,1168.81396484375,1189.150886984996,1164.385933490136,1178.9710757031155,19909939,1190.9588013062535,1182.2709670605286,1168.1985145027086,1145.1013792252927,0.0074330342612618045,48.037646907427735,-21.109985722726783
2022-09-02,1155.1646728515625,1175.638520959865,1152.973478456532,1168.8139049237643,12999345,1183.0045505385442,1179.8067584960772,1167.6873834575656,1145.2015115001811,0.002768256437909511,42.95770174220254,-59.43725498567033
2022-09-05,1173.10498046875,1178.445978943139,1155.3928563937116,1155.3928563937116,11327815,1180.80464607859,1179.1975059481385,1167.8998382423179,1145.47915795758,0.0013699883277362068,42.575746124397185,-48.852378514339954
2022-09-06,1185.4532470703125,1189.6302455363334,1174.1093147173583,1174.5658588505653,10899618,1181.837668521195,1179.7662096865179,1168.5882072159648,1145.876910088055,0.0017473981701061517,43.91840100838332,-24.772336093778115
2022-09-07,1178.5601806640625,1184.563114237557,1173.1963605855797,1175.478839783805,7488501,1181.1093378862765,1179.6565706844763,1168.9792649982433,1146.202116760453,0.0012326627232405777,40.11649208179201,-23.53454946623957
2022-09-08,1180.2261962890625,1185.978096162653,1173.6527344300007,1181.5272442598816,7057077,1180.9130841980068,1179.7083548303478,1169.420321127295,1146.5406648154642,0.0010207614196727187,39.930952426562456,-20.384077689459758
2022-09-09,1172.8768310546875,1191.4561604892992,1170.4573041604865,1191.4561604892992,8314850,1179.127250166158,1179.0873072143786,1169.5558705362125,1146.8027162208298,3.405553824741879e-05,43.55378289970075,-29.99443170770021
2022-09-12,1186.0009765625,1192.3691689901582,1173.447281793324,1173.447281793324,7435419,1180.6547449209006,1179.7158226096624,1170.2007766548904,1147.1927486620405,0.0007916707741334227,48.83529648323212,-14.8451372773386
2022-09-13,1195.906982421875,1200.449119404543,1187.3477160754526,1195.1081207827935,8888657,1184.0441310322283,1181.1877462289544,1171.2088631555564,1147.6774674059195,0.002388467368498235,46.11961722855119,7.764173600130858
2022-09-14,1181.572998046875,1191.4561336808906,1174.451706778856,1175.4787801044877,8678219,1183.4949903688166,1181.2227691214928,1171.6152998179612,1148.014736367521,0.0019230477093499885,43.10803649477484,-0.24917690408811158
2022-09-15,1169.8638916015625,1188.5116835520153,1167.1476896556203,1179.1307346574977,10365600,1180.4658573094268,1180.190143892408,1171.5466171428081,1148.232140897213,0.0002356799102853941,41.12827691333015,-20.609917696050363
2022-09-16,1140.8763427734375,1165.4359048168926,1137.133067391258,1161.213264147553,20217708,1171.6681874125402,1176.6161619725015,1170.3438612851858,1148.1589488760808,0.0,36.50918587349307,-58.66888936014853
2022-09-19,1142.3599853515625,1151.6040077939597,1132.7278822878002,1140.876367867208,7580254,1165.1552536212118,1173.5019640978705,1169.246454385828,1148.1012477464838,0.0,38.75235924612806,-66.81861750406233
2022-09-20,1142.54248046875,1158.4514907194557,1138.822026415054,1151.4898271317024,8411448,1160.1301929206647,1170.6874655861322,1168.1992397224133,1148.0459366292926,0.0,32.37665089288268,-68.85921998946408
2022-09-21,1145.6923828125,1156.3059159956042,1138.9590517800352,1139.7579133773163,9207309,1156.9217906744059,1168.4151853339838,1167.3166178828087,1148.0225181833544,0.0,41.89984844182459,-65.3352888292678
2022-09-22,1134.896240234375,1142.6110027498532,1128.5053470017444,1134.8505978968233,10308170,1152.0272239099545,1165.3680085067465,1166.0452305240465,1147.8919084525187,0.0,42.75454589091608,-73.98090786320564
2022-09-23,1113.62353515625,1139.3927402184245,1112.0714541784876,1134.394179751921,9528051,1143.4930708535758,1160.663965474883,1163.9894777645252,1147.55092961375,0.0,29.231685923107207,-86.51560396079356
2022-09-26,1085.2523193359375,1103.7176650883043,1084.2480670791438,1092.8757978119418,12479523,1130.550681627434,1153.8083612804335,1160.9017460614434,1146.9310429443192,0.0,18.534868066980792,-93.50148697557285
2022-09-27,1093.8800048828125,1107.4607728213189,1077.3776445528867,1092.8528108642224,16154822,1122.4016423508515,1148.3603288806498,1158.2734424858108,1146.4031719188315,0.0,23.695267044041188,-82.17813674552933
2022-09-28,1064.7554931640625,1085.5489575446488,1062.3132660155625,1077.491757249726,16997059,1109.5913869760095,1140.759889270051,1154.6060719241736,1145.5907572048536,0.0,19.357910858528925,-90.11751203018792
2022-09-29,1061.4915771484375,1080.7556609643932,1055.8766040342564,1077.3320028920632,14671827,1098.9025403476603,1133.5536790771769,1150.954523109439,1144.7539494430985,0.0,19.786948298606134,-91.25472597244621
2022-09-30,1085.4349365234375,1096.5048940159172,1054.96372509037,1054.96372509037,18613024,1095.909739497833,1129.1792479359278,1148.3851275570466,1144.1637105085747,0.0,24.233949484795957,-74.02806707005963
2022-10-03,1081.6688232421875,1103.3294933419215,1078.7015883112226,1091.7117072217247,11852723,1092.7450914410229,1124.860118418315,1145.7688018976403,1143.5418708342822,0.0,19.780236103459785,-67.53119137271715
2022-10-04,1101.61767578125,1103.808870249341,1091.095426399377,1094.587668996287,8948850,1094.7167768499621,1122.7471690876728,1144.0373851871936,1143.1247146646003,0.0,29.459365548869584,-49.15310870804589
2022-10-06,1105.6802978515625,1118.4165611455717,1103.8771842481965,1108.8302224863316,13352162,1097.1531148503177,1121.1956353389355,1142.5331856838357,1142.7521334027792,-0.021744549971031063,32.83684109506406,-30.78088226711597
2022-10-07,1110.359619140625,1115.6321543527151,1102.2795971833257,1102.2795971833257,7714340,1100.0878935814972,1120.210542957271,1141.271477191945,1142.4298198280314,-0.018122641555848307,40.62019506038137,-13.505099876168943
2022-10-10,1098.2396240234375,1103.6262649687026,1090.1139598954956,1097.8743645838504,6329527,1099.6771670130395,1118.2131866905588,1139.5839535382781,1141.9901163871896,-0.0168779374483066,37.27117385785908,-14.870207098888896
2022-10-11,1076.3734130859375,1101.9828714622415,1073.269250949044,1101.9828714622415,9215177,1094.498555029239,1114.4095709083206,1137.1051088146571,1141.3372138667792,-0.0184982420013489,33.0329245595441,-35.58650966963936
2022-10-12,1084.2935791015625,1087.2379927529598,1069.6171531804475,1073.6800455545388,7417103,1092.2307826008664,1111.6717534713425,1135.0340684337514,1140.7696155109065,-0.01792961910425105,34.63207404777516,-34.4422154070045
2022-10-13,1087.7401123046875,1092.852778089425,1077.3776122421918,1082.5360411069073,7328492,1091.2328558683823,1109.4961497289194,1133.1794034875136,1140.241958762586,-0.01679012629390033,37.74613021166071,-28.795563919863227
2022-10-14,1082.2164306640625,1103.0555367494892,1081.486032583634,1102.4392445024223,9106089,1089.229205822978,1107.0161752684778,1131.180855533653,1139.6645903237945,-0.01643568600652784,41.111071955932466,-22.732961521299462
2022-10-17,1099.5863037109375,1101.982888862092,1069.845609321564,1075.0496814411536,16729355,1091.5307831314135,1106.3407323996105,1129.9418535013897,1139.2658014022736,-0.013468655637320734,54.32625210926159,5.921449944745564
2022-10-18,1118.9873046875,1124.3511243615108,1104.7902440911478,1105.634748048647,12415820,1097.6322323660993,1107.4904207894185,1129.5122633518254,1139.0640253155593,-0.008809919810548999,57.11512316958001,45.008364302784315
2022-10-19,1138.4569091796875,1153.955017958595,1114.6277458530562,1120.4709308445554,19247142,1106.7043827691189,1110.3055560976247,1129.8630337764475,1139.0579843589835,-0.0031632056509724926,72.09523433108488,58.897265840054025
2022-10-20,1141.5155029296875,1149.9150215278255,1134.3942113183082,1134.3942113183082,8717053,1114.4401872492451,1113.1428239914485,1130.3199933510843,1139.082437280085,0.0,74.02025516821902,67.51831985528159
2022-10-21,1128.2769775390625,1148.9106943491454,1126.177188586748,1144.7565172867282,8243452,1117.5150295358712,1114.5186561321407,1130.2398750839461,1138.9749202677367,0.0,63.74277936496003,53.90577268587634
2022-10-24,1132.043212890625,1142.3828937322885,1120.8363275575412,1122.9817591091366,3370033,1120.7435147258166,1116.1117976556393,1130.3105942136199,1138.9059480550293,0.0,66.15897758393982,51.03447165226655
2022-10-25,1114.559326171875,1140.785075413764,1112.9387816840604,1140.785075413764,12233241,1119.3692506027185,1115.970663884388,1129.692897427669,1138.6636931109185,0.0,54.218097499490725,29.04506585105469
2022-10-27,1118.941650390625,1126.8391025996318,1110.5649536618178,1122.0686333408069,12513059,1119.2742283333644,1116.240753566773,1129.2712798968048,1138.4674538798708,0.0,54.31330961159289,23.039651622953574
2022-10-28,1153.1790771484375,1157.2190279737692,1122.7306857391648,1125.2641978503823,17609592,1126.8086391811585,1119.598782983288,1130.2088405733396,1138.6138381910007,0.0,61.68117362865418,57.459076812453205
2022-10-31,1163.8837890625,1169.065039404331,1155.9406944170405,1159.957944449031,12419943,1135.047561377012,1123.6246926268527,1131.5294267886009,1138.8652804882297,0.0,68.04712360616941,74.66563892645428
2022-11-01,1154.867919921875,1186.8910882247426,1144.8935003477782,1186.8910882247426,13963166,1139.4520854980929,1126.4649860173092,1132.444661813435,1139.0245107313506,0.0,73.22069422265942,58.32289034214833
2022-11-02,1162.08056640625,1164.157654947125,1148.0890168960857,1155.986348539346,8981896,1144.4806368110167,1129.7027660526676,1133.6068541504083,1139.253924220653,0.0,73.10812349552475,57.94473071041899
2022-11-03,1166.4173583984375,1168.4259835133787,1152.676841200972,1154.8680356681098,6693449,1149.3554638304436,1133.0404562659194,1134.8935405915074,1139.5242071477953,0.0,73.24961618820052,61.57322648998325
2022-11-04,1183.5816650390625,1186.8912175642852,1164.568612402097,1165.8467186255812,12575815,1156.9612863212478,1137.6351116089322,1136.802878805137,1139.9625898133802,0.0,78.0259420462032,78.17170585221747
2022-11-07,1189.904052734375,1191.5931814379082,1175.0223567357784,1182.7827614663586,11789748,1164.2819010797207,1142.386833529427,1138.8852777827542,1140.4595197926938,0.0,76.5962234579839,85.86601159785631
2022-11-09,1188.7171630859375,1196.9112902936065,1182.348970740701,1191.5931131291466,11254205,1169.7119593033244,1146.5986816709278,1140.8394693632713,1140.9396953478504,0.0,73.00097846176148,83.6347532512649
2022-11-10,1174.337646484375,1185.316319375086,1170.0008998356418,1182.3262632089595,5966242,1170.7398897880023,1149.1204057448776,1142.1531233680205,1141.272013269607,0.018409938664443824,62.24681199986333,66.41357747792811
2022-11-11,1201.4078369140625,1203.325056528256,1181.413233492101,1186.8911590644095,12310132,1177.554989149349,1153.8738085784398,1144.476837624728,1141.8703796740294,0.01971119202263296,67.56355826024699,81.3579692470898
2022-11-14,1195.5875244140625,1206.0641314784764,1189.242152687652,1200.9285232071268,9043112,1181.5622192081742,1157.6659645634963,1146.4811782831332,1142.4048786266667,0.019987039139095206,70.63683588077666,79.67250729377123
2022-11-15,1190.2236328125,1198.942647092225,1182.3261805701843,1197.0710698465111,7086433,1183.4869777869133,1160.625752586133,1148.196568656834,1142.880687126028,0.019207504010619457,67.66456546297147,73.17964125079054
2022-11-16,1183.3990478515625,1194.1723297469184,1178.3775455967132,1191.4561277313169,9716161,1183.4674378012796,1162.6960521557176,1149.5770580370195,1143.2838548944414,0.017552308904821342,72.34738818479457,62.800949440056705
2022-11-17,1186.45751953125,1192.825591205946,1177.7612057960014,1180.020863607493,6661451,1184.1319004079396,1164.8561855534933,1151.0233506446364,1143.7134435972953,0.016246443329940543,72.10764712183689,58.19466630746034
2022-11-18,1185.818359375,1190.9996093948082,1173.698388022442,1189.972415409292,5303197,1184.5066690672863,1166.761837719085,1152.3878607909253,1144.1323979831432,0.014964206961303936,63.70250034591791,48.27060450410418
2022-11-21,1164.477294921875,1181.413258441568,1160.916588888564,1181.413258441568,6390268,1180.0556970349726,1166.5541520102477,1152.861956247041,1144.334834768603,0.011594511188499163,50.22873584632263,10.47398832684231
2022-11-22,1170.9366455078125,1172.511547625572,1157.903705618024,1161.783907991267,6611488,1178.0292411400483,1166.9525605100264,1153.5707675906006,1144.5995294028241,0.009459675442319206,56.31733782532118,-4.074684113360196
2022-11-23,1167.28466796875,1176.80266503484,1165.0934735308952,1175.4787957552544,6413408,1175.641558213093,1166.982752097183,1154.10856760543,1144.8252521746244,0.0074179044354087415,52.104897273192286,-22.962268590019875
2022-11-24,1177.3504638671875,1184.1522586948402,1163.2446877659072,1171.3703518394527,9389439,1176.021315025114,1167.9252713490016,1155.0200145176557,1145.1488861218143,0.006876494233942683,54.226240022347675,-21.27806983035495
2022-11-25,1194.925537109375,1198.2579106358316,1178.7198513447252,1181.8697762735126,7349922,1180.222253266061,1170.379840963581,1156.584936972233,1145.644176181392,0.008236841541013144,54.37114234188129,14.369620363102747
2022-11-28,1235.987548828125,1242.1502306285356,1142.154626734269,1190.9541361505962,31527484,1192.6145411687419,1176.344178042176,1159.6987648881504,1146.5431152127026,0.013163856822014285,64.0072871910179,63.018756266167756
2022-11-29,1238.110107421875,1246.9889910362924,1229.8018737736188,1234.34401084029,11058913,1202.7246670027714,1181.9592625312396,1162.773719497316,1147.4542295630426,0.01677185603045579,64.92829656849182,74.68061289345927
2022-11-30,1246.85205078125,1253.288707028199,1231.7192011093234,1238.247142030381,26164986,1212.530752286878,1187.858606917604,1166.070908959431,1148.44326260999,0.019787548453575488,72.68962577498831,82.26692989370659
2022-12-01,1243.17724609375,1257.6481612150444,1239.8448724818554,1251.6224067137043,9485801,1219.3410842439607,1192.8875741154354,1169.0946868862673,1149.3858893113209,0.021278952950310348,65.31125463913006,78.35154323855164
2022-12-02,1242.6522216796875,1254.4526976676975,1232.8147284105949,1246.235748845341,11589592,1224.5213370074555,1197.4116329849128,1171.9792960938526,1150.3139125189664,0.021816002538424334,67.94914051719803,76.11964058635293
2022-12-05,1224.5294189453125,1240.1872774344642,1222.4980932976318,1238.0189040182454,14828536,1224.523132993646,1199.87688625404,1174.0400852252824,1151.0523752694774,0.020127116881220954,61.92294018271775,59.109973180478214
2022-12-06,1228.067138671875,1231.1713003979205,1214.737403586102,1216.6091015367565,8594245,1225.3106898110302,1202.4396364738434,1176.1587932035802,1151.8186913232325,0.018623618055541583,65.88732499546288,53.90031712020483
2022-12-07,1209.9443359375,1230.258436618436,1206.132596960368,1225.693478313524,8462111,1221.8959445058013,1203.1218818796303,1177.4837164480477,1152.3970559462603,0.015516468046130591,57.5451365468777,35.5720212437243
2022-12-08,1209.3736572265625,1216.5635327967686,1205.1967796428094,1214.281053698547,7757008,1219.1132139993038,1203.6902250929877,1178.7343023609308,1152.9639873022832,0.012752873203543515,57.57046715508306,25.968225195673423
2022-12-09,1191.0452880859375,1214.2809794282305,1187.7356151104486,1207.8899658959556,12655763,1212.8758971296668,1202.5406853650738,1179.2170861148525,1153.342905718041,0.008677429706474121,58.7073394576161,5.295245587323077
2022-12-12,1192.871337890625,1197.3906539089487,1180.0437880026634,1180.272120443367,9479842,1208.4304395209908,1201.6616537764876,1179.7525469688042,1153.7362234511015,0.00567436363797005,57.41399527818832,-3.443745811500705
2022-12-13,1198.3037109375,1201.9555809304147,1189.9497141999725,1192.8713067918438,8333348,1206.1800553913263,1201.3563862456706,1180.4800435950276,1154.1796810380308,0.00402541451021783,60.35984762004162,-3.105140473421434
2022-12-14,1193.9669189453125,1204.6717371538757,1191.9126515922892,1204.0782660411908,7268947,1203.4660250699899,1200.6846164910924,1181.0089406675877,1154.5755739525312,0.002329552464782254,55.77044382420669,-6.6913828230063075
2022-12-15,1177.008056640625,1193.7386297598832,1173.6528618480468,1188.0324923462415,8688551,1197.586476530131,1198.5322019592315,1180.8520432547655,1154.7987827354973,0.0,43.75100048704561,-23.168909164204678
2022-12-16,1171.187744140625,1195.4734533972091,1167.78690686101,1173.6529134607251,15837349,1191.720091554685,1196.04634215754,1180.4730511326425,1154.9618569783345,0.0,20.03368980093211,-53.47836066413175
2022-12-19,1186.5716552734375,1188.7172073020977,1171.689838827475,1178.2177795852808,7729933,1190.5759946032967,1195.185006986258,1180.7122120793404,1155.2763823345047,0.0,28.77022019077502,-55.67818485061595
2022-12-20,1196.843017578125,1198.7602374146063,1171.3704856304953,1179.541792973625,7467588,1191.9686663754808,1195.3357352218823,1181.3447926871359,1155.6899806951378,0.0,29.656547759744313,-45.854833422192584
2022-12-21,1179.8155517578125,1201.9555872542346,1175.9809916475376,1196.477661489117,8527550,1189.267974238221,1193.9248094524214,1181.2848224546135,1155.9300361285975,0.0,26.75048083857172,-58.57837715590334
2022-12-22,1176.7569580078125,1189.013856887232,1171.7126347696108,1185.9781586267084,7451122,1186.4877484092415,1192.3640956847296,1181.1072591429743,1156.137269182122,0.0,26.26218741040286,-66.00405259352956
2022-12-23,1142.245849609375,1182.554553491853,1137.703712598857,1170.137785137051,10257115,1176.6562153426044,1187.807891496061,1179.5832822985194,1155.9990461017965,0.0,23.488795213040007,-78.99997292529196
2022-12-26,1152.22021484375,1160.414342154975,1137.7721216907048,1147.9748739735228,5990242,1171.2259930095256,1184.5726481640327,1178.510220829705,1155.961445790771,0.0,26.535857572718157,-73.66428935729155
2022-12-27,1161.64697265625,1163.518549950611,1148.2031310835505,1154.9364624540497,5763271,1169.0973218199088,1182.4884958451432,1177.8489169797656,1156.0180181973926,0.0,34.209013887536344,-57.59777707479882
2022-12-28,1161.5328369140625,1163.9750640999512,1151.0562304776126,1158.5884232916014,7459393,1167.4163251741652,1180.5834359423177,1177.2090707026794,1156.072892015469,0.0,34.31144608891002,-48.16266459091998
2022-12-29,1161.0078125,1163.5641454874342,1152.882148696241,1153.566904464591,6930648,1165.9922112465729,1178.8038338111978,1176.5737272437507,1156.1219957018823,0.0,38.847509003411005,-40.09655395082341
2022-12-30,1162.7880859375,1176.3916749175478,1160.0035413220228,1161.829476176333,7289476,1165.2801834001123,1177.3478567317707,1176.0331138591919,1156.188324957958,0.0,38.82671483417934,-32.95158840083608
2023-01-02,1175.8896484375,1177.3048023328713,1163.244668797144,1164.066351583663,5316175,1167.6378422973096,1177.2152923413826,1176.0274877642237,1156.384358027406,0.0,42.123838839302564,-10.032910850235485
2023-01-03,1167.28466796875,1174.565828259546,1163.0621480210025,1170.9366586985077,7658932,1167.559359113185,1176.3125083075067,1175.68463208597,1156.4928188228423,0.0,40.89707806621473,-9.012390420896782
2023-01-04,1149.7095947265625,1169.1107276232435,1147.6325061253483,1167.26185070999,9264891,1163.5927448050468,1173.89406161833,1174.6660031699148,1156.425324055715,0.0,40.725844912773695,-35.3687212622065
2023-01-05,1147.6553955078125,1157.858149023016,1143.0676158255733,1151.969321148222,13637099,1160.0511116278835,1171.5087283355556,1173.6067636537541,1156.338061085089,0.0,41.79536178344492,-52.05280595580531
2023-01-06,1158.0863037109375,1163.1306272948216,1149.5955006159752,1153.4072395784428,6349597,1159.61448764634,1170.2885079151358,1172.9981181658006,1156.3554565341024,0.0,39.713197499625295,-44.33652103813765
2023-01-09,1185.4302978515625,1187.8041821914996,1161.0306065888913,1161.9207528429104,10722753,1165.3513343586117,1171.665034272993,1173.4856546240658,1156.6447584377586,0.0,46.33098629687565,2.012875324317014
2023-01-10,1167.9010009765625,1189.6302560157692,1162.240505708343,1189.6302560157692,8047142,1165.9179269403785,1171.3228494278628,1173.2666485986733,1156.7567608510801,0.0,46.18197465185417,8.39446544542499
2023-01-11,1153.1790771484375,1167.7184566325625,1150.873655990327,1165.2077656913489,11509553,1163.0870714310583,1169.6734155842785,1172.4789006986641,1156.7211620082676,0.0,42.96995223279995,-14.619445269152036
2023-01-12,1128.2769775390625,1156.077627831873,1125.2641003718309,1152.5855061360771,17688773,1155.3514950106148,1165.9101030347133,1170.745491947307,1156.4381352971313,0.0,45.58183639130861,-55.59680108387727
2023-01-13,1126.451171875,1128.8705782042637,1111.386784310048,1122.2513519945564,20618583,1148.929200980478,1162.3229274747391,1169.008459787609,1156.1397575516376,0.0,41.40665453041498,-58.9414232272656
2023-01-16,1115.723388671875,1131.951774613395,1107.917221092014,1128.7791493112115,13623855,1141.5501315785664,1158.0866057653877,1166.9188491556192,1155.737604627461,0.0,34.817351045334135,-70.84549447505562
2023-01-17,1131.5638427734375,1133.481062404078,1118.6906511572718,1122.0686670526488,10751000,1139.330956288538,1155.6754454933923,1165.5323783171025,1155.4970696836401,0.0,41.0252792148353,-55.90169046881046
2023-01-18,1129.692138671875,1137.178689301756,1123.1414974309205,1129.144430635729,13448286,1137.1889968181683,1153.313326691436,1164.126878723172,1155.240304200936,0.0,40.69702842189852,-51.211408162408944
2023-01-19,1128.4825439453125,1132.6366004638107,1121.4524163802744,1128.8705038207283,11940054,1135.2542295130893,1151.0559828054247,1162.72906167306,1154.9740578302333,0.0,39.77415380450484,-50.43035524120189
2023-01-20,1115.0615234375,1129.8291140692525,1112.596474928504,1129.8291140692525,14930286,1130.7669614962917,1147.7837592265223,1160.859746448136,1154.5769181845344,0.0,31.902729495372398,-66.55055279507079
2023-01-23,1109.4237060546875,1125.811961602633,1107.004299933337,1117.960272105855,10954118,1126.0240158426018,1144.2964816654464,1158.8426468248638,1154.1276324917003,0.0,32.476111535449874,-80.45746345888412
2023-01-24,1102.873046875,1115.51790607312,1089.8171651533376,1113.851719292168,16488755,1120.8793560720237,1140.5307148663148,1156.64776055232,1153.6176366149173,0.0,34.799967356485396,-76.82360650306576
2023-01-25,1087.6259765625,1102.302402806859,1086.461976225218,1101.2753294802071,12385018,1113.4897161810184,1135.7211932023315,1153.9410239252684,1152.9610031815598,0.0,32.055072453190974,-87.94525984022772
2023-01-27,1066.9923095703125,1089.817098907081,1055.260297818003,1088.470529311336,25830975,1103.156959156417,1129.473112872148,1150.5312704211524,1152.1055932948807,-0.024663864471833625,24.334354123331238,-84.8052102512991
2023-01-30,1077.218017578125,1082.764407064242,1050.3987961919847,1064.4132886312711,21772103,1097.3927499167967,1124.7226496636006,1147.6562408978964,1151.3604432877487,-0.025370815657399463,16.256338772312745,-72.0635437884892
2023-01-31,1074.5245361328125,1089.9541811505658,1068.6585300710096,1087.3749062182635,22691594,1092.3109246314668,1120.1591847971652,1144.788330907109,1150.5959068981474,-0.02591682109551777,17.913805947611095,-65.74105674233566
2023-02-01,1068.156494140625,1086.43914786492,1052.2246622437708,1086.43914786492,19347800,1086.9432734112797,1115.4316674647523,1141.783160837835,1149.7756142338935,-0.02667061821909592,19.004906668280555,-66.04317910101763
2023-02-02,1062.2447509765625,1071.85391093282,1054.963591472129,1058.1590377354637,13662663,1081.4547128702316,1110.5964932385532,1138.6640075099422,1148.9046603706365,-0.027434148619261686,22.059206366915845,-68.91934097133063
2023-02-03,1063.1806640625,1072.3105805967243,1046.7467660021257,1072.3105805967243,24699575,1077.3938131351802,1106.2859633134574,1135.7038763943563,1148.0516852829935,-0.027175202818190816,23.0246462526829,-66.42459951317667
2023-02-06,1055.1690673828125,1059.528634971871,1052.5899131464937,1056.7896118119152,14837879,1072.4549807457652,1101.6389727743078,1132.5456485899822,1147.127480129758,-0.027658119376953633,23.57056165240398,-73.69828625799012
2023-02-07,1052.6356201171875,1062.4502927137798,1046.7467924098464,1055.4202857843334,15135435,1068.0506783838591,1097.1841225327514,1129.411921983206,1146.187262617195,-0.027676665687646915,11.023663816592148,-80.24692279321101
2023-02-08,1073.6572265625,1077.2863960062462,1053.137736379797,1055.8766387784026,21160332,1069.2965779791127,1095.045313808183,1127.2254633392567,1145.4655707161533,-0.023982268448478016,26.729951902409738,-59.49156089759888
2023-02-09,1075.52880859375,1082.284961068636,1065.463103759131,1074.341987106508,13172763,1070.6815181156987,1093.2710860614163,1125.1981435453154,1144.769682535831,-0.021003219779164604,28.129742243768845,-45.58036117477391
2023-02-10,1066.6728515625,1075.0039060071294,1059.6655455942528,1075.0039060071294,10790445,1069.790703326099,1090.853064743333,1122.9030340557931,1143.992599640574,-0.01974584933551203,29.23202501377895,-47.504513019976315
2023-02-13,1060.6014404296875,1072.7670546240695,1056.127767130611,1068.293381324993,10352493,1067.7486449046742,1088.1029170784561,1120.4598343057498,1143.1628368623565,-0.019191254507004745,29.123630084789113,-53.05245565903601
2023-02-14,1085.5946044921875,1087.329254712915,1060.738368480938,1063.6143185684562,14321920,1071.7144137018993,1087.8748886615226,1119.0925703914925,1142.5900186298175,-0.014886288945018096,43.61827505642537,-13.710023328343047
2023-02-15,1110.1768798828125,1112.5735854842064,1083.2664969637603,1084.6358877756606,33503591,1080.261628408769,1089.9023424089125,1118.7429354695835,1142.267499836315,-0.008683944130741795,57.791778894455405,39.59775722709085
2023-02-16,1109.3095703125,1124.7163944448257,1107.0270912647763,1118.1656324865594,17264487,1086.716726609598,1091.6666358546931,1118.3729995810704,1141.9395602390632,-0.00446215319651546,66.9345943226172,50.92965522747818
2023-02-17,1113.9429931640625,1117.2754874405753,1100.4306882070916,1104.7217922905263,11809520,1092.7670080661458,1093.691759246454,1118.199273839227,1141.660987432347,-0.0008301602379862994,65.38528806216075,62.08589484342557
2023-02-20,1102.16552734375,1118.3026298698114,1100.2025445254703,1116.13425652598,8836937,1094.8555679056135,1094.4621018007535,1117.5704994668554,1141.267997779724,0.0,60.760697968614416,51.920540869104535
2023-02-21,1111.158447265625,1116.9558691842672,1101.22954869757,1106.547846833629,13311592,1098.478429985616,1095.979951388469,1117.319046439356,1140.9684002621707,0.0,66.4054684894965,58.63751942551375
2023-02-22,1085.9598388671875,1109.2868172204337,1084.2023673241313,1107.4380609994969,11024335,1095.6965208481874,1095.0690320683525,1116.0892735933885,1140.4210513925689,0.0,57.88680133805333,29.468199045083853
2023-02-23,1080.7557373046875,1093.1953270218976,1077.9483712962124,1085.5490279902117,9851910,1092.3763467274096,1093.767823453474,1114.7036447193218,1139.8273666752766,-0.0012875034367475441,55.683500380939606,8.300312518270832
2023-02-24,1088.1510009765625,1093.8344379808216,1080.9840672539892,1082.810002251087,9434053,1091.4373810049992,1093.2572032283,1113.662364572547,1139.313173981757,-0.001672398611651956,60.70852185713516,7.2518824166854055
2023-02-27,1080.91552734375,1090.8672478016565,1073.543202799622,1087.3750050988056,11199715,1089.0991913024993,1092.135232693341,1112.3781748773,1138.7321028709312,-0.002808768413478679,58.90983212506971,-6.94251156472537
2023-02-28,1060.2362060546875,1080.5274845520237,1056.1734344203933,1075.5516247048563,21994038,1082.6851945807634,1089.2353211807363,1110.333391786217,1137.951049171267,-0.0061779880394265355,45.76245055967489,-45.74516603070522
2023-03-01,1069.982421875,1070.712820002187,1060.5557097259696,1070.0280642112666,11551145,1079.8623562017049,1087.4850576074875,1108.7510008093063,1137.2747444220504,-0.007124137041826264,48.331742278488456,-52.5213535589871
2023-03-02,1061.8338623046875,1073.5202315216086,1059.8024162422653,1066.8325430044115,9333535,1075.8560242245899,1085.1531307617784,1106.9111130248116,1136.524088878594,-0.0087557073354294,48.53829504013687,-67.77080088186293
2023-03-03,1088.927001953125,1092.6018137297042,1068.909698230002,1072.3789987479977,14643807,1078.760685942042,1085.4962099609916,1106.2058537670982,1136.0504860236144,-0.006185468821021517,57.592061222553404,-36.28663194926281
2023-03-06,1099.5633544921875,1106.8216933590495,1095.5918675399987,1095.5918675399987,10171916,1083.3835011754077,1086.7750412820094,1105.9453635994548,1135.687429988476,-0.003084442649662549,54.05619232885104,-4.933025602472477
2023-03-08,1103.5120849609375,1104.265304210858,1088.7443751303776,1099.5632986303583,15782657,1087.8565197944142,1088.2965907073665,1105.8499409077483,1135.3672773016347,-0.00039879120396568094,47.80122330563149,16.565822269448134
2023-03-09,1076.9896240234375,1103.3066574341256,1075.095225544964,1102.8958764013148,16235128,1085.4416540675304,1087.2686846451911,1104.7181637750302,1134.7864051297124,-0.0016964235651920705,40.88099572851809,-6.977912609843166
2023-03-10,1060.3046875,1070.0280749321848,1056.8124450060086,1068.8868957671646,13334091,1079.855661496968,1084.8174121774464,1102.9764588230682,1134.0452935115063,-0.00467955177315805,35.82973168383053,-45.82114655738182
2023-03-13,1042.866455078125,1070.027990166369,1038.5297089513683,1063.1805534779228,12771592,1071.6358378483362,1081.0036888047807,1100.6192037742471,1133.138041387791,-0.008982790568081624,34.78920604701845,-69.60501452214908
2023-03-14,1038.9635009765625,1052.2018311560978,1035.8136967949142,1040.812257084253,16027522,1064.3753185434975,1077.18185354767,1098.2013330762989,1132.2009812841968,-0.012326260732099935,30.984751688451652,-80.69518955025515
2023-03-15,1021.2056884765624,1049.1660857467195,1016.8004787547292,1042.6839083296516,21728555,1054.7820674175118,1072.0931112684784,1095.181896033172,1131.0965505099916,-0.016951574052423528,32.24878326935122,-85.97418123326254
2023-03-16,1016.11572265625,1028.9432712307178,1005.2967990221152,1023.9218900002588,18363159,1046.1895463594537,1067.0042577582758,1092.0812617830968,1129.952462670651,-0.020484587468452775,32.26897610754651,-81.92432415383611
2023-03-17,1014.8377075195312,1028.007574780085,1010.0901194945558,1024.7208434439497,34014213,1039.222471061693,1062.261844100208,1089.0521027923687,1128.807042221386,-0.02270251969137783,29.191533208765307,-81.54555525366881
2023-03-20,1004.8631591796876,1013.422485602896,995.1625932582816,1011.1400066065016,19524589,1031.5870684212475,1057.0437818347061,1085.7505755918714,1127.5737697533095,-0.02533351250954408,28.744595065773552,-82.12459833740093
2023-03-21,1036.1102294921875,1038.0732119172071,1012.0528577510236,1012.943003930346,21400360,1032.5922153259007,1055.1407316217499,1083.8038953526682,1126.663684775587,-0.021762661591422074,43.63326525484334,-53.41135075299387
2023-03-22,1039.26025390625,1046.0392280531037,1036.2473765076484,1043.0948141638405,10920094,1034.0740016770894,1053.6970518294318,1082.057085884181,1125.79399889629,-0.01888174793424987,41.600126560816605,-36.9316302843335
2023-03-23,1026.1131591796875,1036.2016854580306,1023.9447859117854,1035.3343603002547,16249370,1032.3049255665555,1051.1894252249094,1079.8632064055735,1124.802149744881,-0.01840391528888573,40.49330687531594,-40.779811810983844
2023-03-24,1005.7989501953124,1027.117362031003,1003.3795441878092,1024.9489888672188,12375945,1026.4147088173904,1047.063018404037,1076.958725769877,1123.6180383065769,-0.020529261422113136,27.048167554089616,-60.95012454371664
2023-03-27,1021.4338989257812,1028.9432703448797,1004.3838307288752,1012.28122236079,14054323,1025.3078621748107,1044.7330984514683,1074.7812815799125,1122.6012807007978,-0.01901761464651479,29.00772897899745,-56.43865277523591
2023-03-28,1026.2044677734375,1030.0846702786253,1021.1829653124684,1024.8349561252708,12576424,1025.5071078633944,1043.0486774807382,1072.8763084894626,1121.6421084328638,-0.017093639881927133,29.319875391035737,-49.57853974312707
2023-03-29,1020.1329345703124,1024.7435346224438,1009.3595932977564,1022.095796356596,18804065,1024.3128471315983,1040.965428125245,1070.8079408847902,1120.6320669018933,-0.016323932332074687,32.92201258968535,-42.95255221039448
2023-03-31,1064.116455078125,1069.7770709600843,1029.2629756900762,1029.3999027039445,28171201,1033.1580933419375,1043.070066939143,1070.5455296766856,1120.069722505637,-0.00931474515773546,50.98362865923343,14.0972372374291
2023-04-03,1064.299072265625,1072.3106311531849,1056.7896998650788,1070.4846960590223,10293043,1040.0783108805347,1044.9999765142777,1070.3005705625264,1119.5147906624527,-0.004624325776462479,56.07139497955637,45.388956973673174
2023-04-05,1061.74267578125,1071.8540232011114,1053.8453439607506,1071.8540232011114,16262928,1044.8926141918048,1046.5220400840024,1069.9649668456136,1118.9399437482118,-0.0015346711866871113,56.50245278929428,58.72451332848566
2023-04-06,1068.8638916015625,1074.592970502133,1058.2275373074351,1058.2275373074351,18435046,1050.2195647273065,1048.5531174946896,1069.9217874242781,1118.4416745726232,0.0,64.48386287786718,72.2098738720821
2023-04-10,1061.2861328125,1072.9496819536614,1059.779694186431,1072.7671126043012,12961408,1052.6788020795718,1049.7106643417633,1069.5831343022476,1117.8729627143136,0.0,63.523303867580985,69.34569891997612
2023-04-11,1066.5357666015625,1068.658497368957,1060.920914302666,1065.4630510078462,10542367,1055.758127528903,1051.2402190926541,1069.4636296865344,1117.362144842545,0.0,65.1180589393347,74.53492140525826
2023-04-12,1071.23779296875,1080.8925957399235,1063.6599579243734,1066.535787256919,18179087,1059.1980531822023,1053.0581803541172,1069.5332047172096,1116.9031960676814,0.0,70.027514116178,74.80852125515521
2023-04-13,1075.27783203125,1079.9797173840186,1069.1151503508545,1074.1365320735108,12378208,1062.7713373708796,1055.078148688402,1069.7584842197211,1116.4890133409506,0.0,64.13976670294944,80.12924571410643
2023-04-17,1080.73291015625,1106.9814803229494,1072.333391852291,1106.9814803229494,17929479,1066.7627979898507,1057.4103997309337,1070.1888538642909,1116.1332312197098,0.0,64.72681120219711,62.5546007262345
2023-04-18,1068.36181640625,1085.0923881243807,1061.8110548039576,1085.0923881243807,10405576,1067.1181354157172,1058.4059830650533,1070.1172053365246,1115.6578937588795,0.0,65.08550461978618,42.77705751449116
2023-04-19,1073.6800537109375,1076.3733137885806,1064.64142217666,1067.768405195298,12273475,1068.5763394813216,1059.7945349419517,1070.2569248806192,1115.2402038081536,0.0,77.14491293430335,38.82621203531195
2023-04-20,1070.9638671875,1076.8755157885284,1064.595795217696,1074.638679040759,7007330,1069.1069011938057,1060.8099287824562,1070.2846481083402,1114.7996432447642,0.0,72.08873394243689,32.59071036810732
2023-04-21,1072.310546875,1077.7884724738817,1066.558646510675,1073.0637661728558,7647317,1069.8188224562932,1061.8554395181418,1070.3640951187976,1114.376866166458,0.0,71.20950578669252,30.79030657533137
2023-04-24,1076.4190673828125,1086.8727319946267,1071.8539885727766,1084.1794719407253,12936186,1071.2855435510753,1063.1794056876572,1070.6015450115042,1113.9991766263222,0.0,76.36871457262986,26.619916045826475
2023-04-25,1084.65869140625,1086.735779878646,1072.9952636709509,1080.0709122812248,9236126,1074.2573541855586,1065.132068025711,1071.1528056544353,1113.7072314997545,0.0,64.46939863458925,22.612393648326368
2023-04-26,1078.2906494140625,1089.2466212621475,1074.6158376300252,1086.0054116702795,8617834,1075.1536420141151,1066.3283026973793,1071.4327210959893,1113.3548276979068,0.0,59.065362609758914,9.465004714903607
2023-04-27,1085.115234375,1088.2878596252956,1079.1579437194785,1084.1794457664448,9167125,1077.3673292054227,1068.036205577163,1071.969290244186,1113.0738367195695,0.0,64.34978250637792,9.832914100263217
2023-04-28,1104.9500732421875,1106.5022750107378,1087.2608896802224,1087.374995527852,15565210,1083.4968278802594,1071.3920117285288,1073.2626542833232,1112.993003252133,0.0,69.16371924656681,47.39193248913664
2023-05-02,1114.3310546875,1116.4994278601828,1108.4194062766874,1112.1170391794085,12981805,1090.3488782818683,1075.2955610884353,1074.8731797893693,1113.0063171967633,0.0,77.64035681391431,70.7023185291042
2023-05-03,1104.7674560546875,1116.1342091904096,1101.549188303151,1116.1342091904096,7061872,1093.553006675828,1077.9748242671856,1076.0455043487937,1112.924338478932,0.0,69.06446004908645,63.81855118805404
2023-05-04,1117.503662109375,1119.717677582049,1102.2567073883076,1105.2467632974383,8635233,1098.8753745499496,1081.568354980112,1077.6713144570517,1112.9699038881902,0.0,71.35931850355716,78.57716574294905
2023-05-05,1114.650634765625,1123.5979821409155,1112.0258380416835,1114.3083172243437,8746585,1102.3809879312107,1084.575834960613,1079.1214838809174,1112.986627578513,0.0,68.37846153846154,74.62170320487323
2023-05-08,1128.4140625,1133.7778823916174,1115.746261129747,1118.4167001177036,9153782,1108.166115613164,1088.5611283732846,1081.0545261797051,1113.140134393652,0.0,70.65459483354873,80.38122160862028
2023-05-09,1131.9061279296875,1135.2158009724574,1124.4652198090143,1129.8290394334551,6464721,1113.4416739057247,1092.5015828784121,1083.048706640489,1113.3268606974932,0.0,79.82012430899664,85.69964032244326
2023-05-10,1139.6895751953125,1141.173192717246,1132.659447469911,1136.6766978121202,10872255,1119.2745408589665,1096.7914003617666,1085.2699171720508,1113.5891762646359,0.0,80.27647757049114,91.22081404948281
2023-05-11,1132.2486572265625,1145.578272899187,1130.536707274967,1140.7622816578707,10557860,1122.1576778295434,1100.0147873494752,1087.1122207036003,1113.774842741869,0.0,76.94169416941693,78.18750007967307
2023-05-12,1134.097412109375,1135.4897449397138,1121.3839680276494,1127.4553650769165,6955341,1124.8109521139504,1103.1132077821933,1088.954777229317,1113.9770573624412,0.0,77.04303522618231,73.58151182086404
2023-05-15,1136.334228515625,1143.318592964205,1128.9846046154787,1136.631024460071,6833343,1127.3716802032116,1106.1333005761417,1090.8127949268192,1114.1995167769007,0.0,76.66063736753195,74.04815230306566
2023-05-16,1120.1513671875,1141.058816015231,1118.4850597805391,1138.5024831085086,8717229,1125.7671661997201,1107.4076702680834,1091.9633271723362,1114.258739169046,0.0,64.75056210784354,51.61540085278236
2023-05-17,1113.5321044921875,1125.2639949628326,1108.8302198375738,1124.3510275803587,8798967,1123.0482635980463,1107.9644370157291,1092.8091615770363,1114.2515089732565,0.0,64.61563696673059,28.57974900285213
2023-05-18,1111.1356201171875,1121.6122266625744,1107.9856952056505,1118.2112689036005,10525531,1120.401009491189,1108.252726388589,1093.5278462256697,1114.2205051040419,0.0,61.202868738299635,7.248757760285862
2023-05-19,1114.7418212890625,1116.5678769225617,1104.196751489107,1111.1355938507186,8050447,1119.1434121129387,1108.8426441068139,1094.3597668163911,1114.2256923297637,0.0,54.9005759921018,-12.066895399567318
2023-05-22,1120.6990966796875,1125.720598669704,1110.3595382742935,1111.5691808774145,7434906,1119.4891197944385,1109.9205034316205,1095.392681712991,1114.290104313345,0.0,53.30017574114304,-12.491876476831463
2023-05-23,1120.4937744140625,1126.6336347127256,1119.0786204739588,1123.2784399572938,6092034,1119.7123763765771,1110.8817098845698,1096.3770382895036,1114.3518323740486,0.0,59.02545032674611,-14.047355609185571
2023-05-24,1113.9658203125,1124.8076864197674,1110.861658447196,1116.545095308795,8112254,1118.4353639178933,1111.162083559836,1097.0667944472682,1114.3479914580134,0.0,47.813821008197976,-32.360864653925255
2023-05-25,1113.8289794921875,1117.9603357408223,1102.9187697829475,1111.0672556833676,11487863,1117.411722934403,1111.404528644595,1097.7241350372651,1114.342827159846,0.0,49.47462905579969,-40.499731502720735
2023-05-26,1144.2088623046875,1145.3500415058625,1118.7591533794464,1122.0687058844728,12626260,1123.3666427944663,1114.3867407955124,1099.5470655183406,1114.640001638899,0.0,58.32935290459717,26.107917697718907
2023-05-29,1150.645263671875,1154.9363674405995,1144.5282250956022,1150.8278330032474,10010304,1129.4285585450016,1117.682970147909,1101.5509164263224,1114.99826295266,0.0,59.584409811235,57.54916657850724
2023-05-30,1150.3487548828125,1158.451598350407,1147.7923008862117,1150.6454300892003,11342504,1134.077491064515,1120.652586941991,1103.4645571501064,1115.3500091410199,0.0,55.90395724701962,64.7023351909891
2023-05-31,1127.5008544921875,1145.7379850828545,1123.438083146388,1141.241490829393,27107927,1132.6160162706644,1121.2751567192815,1104.4071570458743,1115.4709130748624,0.0,47.75365650246385,25.183835435552403
2023-06-01,1124.46533203125,1134.34858906371,1122.068746948841,1132.180215680503,14592692,1130.80475310635,1121.5651726567332,1105.1937521433401,1115.5604097808962,0.0,45.49335191446587,0.952205337360911
2023-06-02,1120.79052734375,1133.4126870908076,1118.8733075639293,1128.0032245554776,15800644,1128.57936960355,1121.494750355553,1105.8053903864934,1115.612450751671,0.0,42.823989540362035,-17.508948219340773
2023-06-05,1130.8563232421875,1133.8235582589482,1122.274114564264,1126.268543700321,10908682,1129.0853593010252,1122.345802436156,1106.787779910246,1115.76413107496,0.0,55.23796781542188,-8.405026731603165
2023-06-06,1131.8148193359375,1135.6265579862757,1123.8946668621782,1133.6865172838243,7493309,1129.69190597545,1123.206622154318,1107.7692324367438,1115.9238394158651,0.0,59.47041743388438,-2.15416922805567
2023-06-07,1140.39697265625,1141.241476547739,1128.7334248440704,1135.3070073943356,10312545,1132.0708096822946,1124.7693812908572,1109.0487516610383,1116.167353179451,0.0,64.24449940516445,16.43235365528808
2023-06-08,1141.0816650390625,1148.9334747780272,1137.1329993758209,1143.9804362633745,12071109,1134.0732219837985,1126.2523161770575,1110.3049443425293,1116.4152567800443,0.0,63.197696323806454,26.943457451706333
2023-06-09,1133.0018310546875,1145.1446246797914,1131.1985964976163,1144.4370477074842,5877018,1133.8351351106626,1126.8659084386602,1111.1950183312415,1116.5802973200905,0.0,56.035953161233444,17.64076413292391
2023-06-12,1134.006103515625,1136.311403822295,1125.2641468372988,1130.0574375493186,6391969,1133.8731280895431,1127.5150170820207,1112.0895706914134,1116.7536884265137,0.0,56.57783551162395,14.800081022046363
2023-06-13,1150.7593994140625,1151.946341592658,1134.9646161546627,1138.9590448637286,11248016,1137.6256328283253,1129.6281427485699,1113.6060345628898,1117.0920537099719,0.0,66.28951279487664,43.550452391760025
2023-06-14,1164.910888671875,1166.3488637759135,1149.0019986007082,1150.827933567815,13277380,1143.6890230157808,1132.8356651052338,1115.6179896259873,1117.5678630130753,0.0,70.1187423255957,66.81320494871099
2023-06-15,1165.23046875,1169.7954267696327,1157.4471223513988,1164.888030487722,11813494,1148.4760109567183,1135.780647254758,1117.5635770426154,1118.0421177965275,0.0,60.84809802842028,74.39458228726237
2023-06-16,1176.574462890625,1178.856942021871,1168.72265257123,1168.72265257123,24171579,1154.7201113864753,1139.4891759489278,1119.8777294288118,1118.6245291904986,0.012945152149680273,62.73557076596173,84.0993837490449
2023-06-19,1164.8880615234375,1179.5873088461865,1160.7111839901809,1179.5873088461865,6798554,1156.9796558613557,1141.7981655466103,1121.642840491346,1119.0848628455528,0.01303257438735448,56.422622886464964,67.12590855102196
2023-06-20,1167.3074951171875,1170.457299404325,1157.2189687814275,1162.9480481347905,6921096,1159.2747312515405,1144.1171955075718,1123.433611260987,1119.5646900323354,0.012985041051627172,71.4568462720822,63.255986078320504
2023-06-21,1170.59423828125,1173.127750027222,1163.1533304634168,1167.2617442064677,6961603,1161.7901772581426,1146.524199396088,1125.2830476147226,1120.0724467313296,0.013041220743123739,74.79755783218233,66.85359604866774
2023-06-22,1157.4471435546875,1174.702723824018,1155.8494202932393,1166.8053921892115,7619166,1160.825058657375,1147.5171943195971,1126.5443847104075,1120.4443342619102,0.011497600051875738,67.88419413895417,45.31583091805014
2023-06-23,1147.9749755859375,1156.4885999942844,1146.719569774206,1154.4343325060674,6628570,1157.9694846415,1147.5588107983554,1127.3848000388598,1120.7182709915025,0.009068728904853472,58.40058465519721,16.667907251480653
2023-06-26,1139.2100830078125,1148.2715353178476,1136.0831001245697,1144.436975506937,12641159,1153.8007287229027,1146.7998355446696,1127.8485366258774,1120.902269121018,0.006145392568637506,53.370797769938676,-15.153135046117516
2023-06-27,1139.62109375,1145.578264166708,1135.1474200849475,1139.666736088607,9689466,1150.6496987289242,1146.1472226542448,1128.3102055327058,1121.0885260825005,0.003950853577011027,49.617887391005326,-30.939250213013775
2023-06-28,1154.708251953125,1158.519990797568,1140.2600374666351,1147.1760589375283,11354006,1151.5515994454133,1146.925498045052,1129.345423039389,1121.4230507180293,0.00400629457054319,55.87720877730007,-11.396954808406152
2023-06-30,1164.180419921875,1167.1020122895738,1156.5113003301233,1162.4229485666156,11151555,1154.358003995738,1148.4941273065813,1130.711501348506,1121.848497177769,0.005036914028798283,63.287874200251174,15.849990113038576
2023-07-03,1194.0582275390625,1196.9341777415286,1166.5086096788432,1167.741194264735,12154387,1163.1802758942547,1152.6363182368068,1133.1956866893122,1122.5670019574834,0.008830354679753634,70.53861215833135,55.6839754777384
2023-07-04,1181.755615234375,1198.3036177471888,1174.6798459927943,1198.3036177471888,8061643,1167.3081290809482,1155.2835270547675,1135.099997612648,1123.1559433831242,0.010175201937835396,60.93398383506078,51.47638527413187
2023-07-05,1179.8155517578125,1190.9997357239995,1175.8440646341217,1190.9997357239995,10248062,1170.0875563424736,1157.5137111186807,1136.8535487555955,1123.7197205808825,0.010657466927825335,55.753313247618784,46.365087018788245
2023-07-06,1204.5804443359375,1207.1824197013011,1175.958111582341,1175.958111582341,19117987,1177.7526425632434,1161.7925050475221,1139.5095054450207,1124.5243048968534,0.013249540610398831,62.77792091963135,71.32154272408049
2023-07-07,1202.2294921875,1216.5406584496827,1199.6730384312104,1202.8686056265724,13375267,1183.1919424797447,1165.4685947875203,1141.9691127682554,1125.297490840044,0.014742066974231523,58.84757481662098,67.76295845616642
2023-07-10,1248.5411376953125,1258.1047776229054,1221.128565671655,1227.4738168988026,33240016,1197.713985860982,1173.020644142774,1146.1484078634342,1126.5237957838774,0.019777755792483875,73.28759768213496,78.16677836177746
2023-07-11,1262.076171875,1264.4955779542368,1249.705166712445,1256.6895309307056,20069348,1212.016693864097,1181.11660120934,1150.694594687417,1127.8725756454805,0.024483540172421214,74.84442333749143,88.43442836026124
2023-07-12,1263.468505859375,1279.103541836806,1260.683840337917,1262.806571231475,18733835,1223.4504298630477,1188.6031379957067,1155.117101007886,1129.2217888814398,0.02758065729833044,74.59205349558535,82.76564147142803
2023-07-13,1252.170166015625,1277.733978890264,1249.545369524751,1270.8408996155135,14682934,1229.8325934525092,1194.3819587247901,1158.9231035572093,1130.4451558180983,0.028311355508909855,75.32957423180952,72.11876725989231
2023-07-14,1251.120361328125,1260.341562579208,1243.9989491216202,1255.3657025022662,15124144,1234.5632085359794,1199.5399953250933,1162.5386822933237,1131.645904131631,0.027993480318478096,78.88276421241318,66.47366322352585
2023-07-17,1276.68408203125,1285.0607786645128,1245.3227267228626,1253.9962192785829,22220040,1243.9234026460394,1206.553094116562,1167.014972479125,1133.089070080881,0.029271382838908646,85.18522915652578,78.02304490248795
2023-07-18,1287.52587890625,1295.286283587151,1274.995004828538,1285.9509768018002,25867313,1253.6128418149751,1213.91425637017,1171.740890378228,1134.62575474581,0.03083323302093852,85.93614494565843,84.20434774189663
2023-07-19,1297.294921875,1303.7543992835303,1276.8210735612868,1291.8854597114334,39122156,1263.319970717203,1221.494316870609,1176.6645778879054,1136.2443534237123,0.03224066720784097,85.56305609614115,87.68215883668115
2023-07-20,1295.7237548828125,1301.2135132047797,1276.0147195399904,1276.0147195399904,38717624,1270.520811642894,1228.2424475989912,1181.333565221039,1137.8312131397233,0.03262914944993535,84.15481953716164,87.97752867082104
2023-07-21,1255.6134033203125,1293.2755748788927,1248.1205739980844,1290.3576048302098,30249238,1267.2080542378758,1230.7307163009295,1184.2465000484615,1139.0031752310724,0.02905140853107054,65.17619384693913,58.28694087916735
2023-07-24,1230.216796875,1243.8424839995955,1221.2649818512405,1227.0515368964086,23727866,1258.9877748239032,1230.6839963531177,1186.0492567867573,1139.9107734563852,0.023007146823781716,61.22328281177733,22.776199151924523
2023-07-25,1229.425537109375,1239.0203294862108,1226.556952345633,1233.4810641733905,12026020,1252.4183886651192,1230.5695909673227,1187.7502873876442,1140.8014676220866,0.017771550238957445,61.550801014320655,3.5394792765246756
2023-07-26,1249.4063720703125,1259.6936470475673,1229.029726310642,1229.029726310642,12911012,1251.7490516440512,1232.282025613049,1190.1681730614746,1141.8821134374919,0.015581020287854483,60.67472628161598,-0.007559018703738683
2023-07-27,1237.7838134765625,1255.06933898356,1231.6758304667376,1253.2889256301971,17226898,1248.6456653846092,1232.7821881460957,1192.0354530777527,1142.836359209025,0.012816032222911172,58.10874241147815,-24.710824274675357
2023-07-28,1250.22265625,1257.6413476752305,1236.7206137066948,1242.4082771327046,20827852,1248.9961077991406,1234.3676852464505,1194.3173041825466,1143.904879577592,0.011700653863182744,50.45357768246335,-27.009470977172747
2023-07-31,1260.8065185546875,1263.1062644351005,1245.3261593927457,1250.222567835286,8551174,1251.6206435225954,1236.7712155471993,1196.9247243540033,1145.068079965424,0.011777721448028838,49.65197914484775,-16.139798973624544
2023-08-01,1242.9769287109375,1265.628689467438,1239.0697997346808,1263.6503718598296,9536632,1249.6998180088938,1237.3353712893572,1198.7306931523144,1146.042297365877,0.009947446677356614,44.847421147590396,-31.349962030252087
2023-08-02,1229.6976318359375,1242.383546099848,1218.4459496409647,1240.9986995264646,12748214,1245.2548877482368,1236.6410313390463,1199.9450829046134,1146.8746887536388,0.007004857280508864,44.40505011886172,-52.56700506014429
2023-08-03,1224.5291748046875,1236.8936606795558,1215.7010043381908,1224.23249959185,10168350,1240.6491737607814,1235.5399534722865,1200.9091649399104,1147.647370206883,0.0041723957204285265,43.51267980956908,-66.50066190008376
2023-08-04,1241.171630859375,1244.3616435147103,1222.4023686926273,1235.8549028515122,22885610,1240.7652753382467,1236.0519241438399,1202.4880851720463,1148.5779598651168,0.0037975015519355615,40.9419085018115,-54.21683613924265
2023-08-07,1248.2442626953125,1250.4945023600335,1238.92139273861,1246.8346631113916,5982870,1242.4272725287058,1237.16031855761,1204.2824450749197,1149.56966437089,0.00421948982943683,39.78408463912623,-40.08824547171356
2023-08-08,1240.7265625,1253.4867351589849,1236.2259624118224,1250.2967221809697,9844072,1242.049336966771,1237.4845225523727,1205.7116261504132,1150.4766981831199,0.003679146197370438,35.11402957612016,-40.77014604797279
2023-08-09,1248.911865234375,1250.7912910864598,1227.1009863432985,1238.8472469851745,11486586,1243.5743432484608,1238.5233718871,1207.4057531733138,1151.4561525816398,0.004044297681816721,38.095832332221406,-28.298331270100462
2023-08-10,1254.4759521484375,1261.1775274732204,1240.627728317359,1248.7882887892447,15470598,1245.996923004011,1239.9736064563126,1209.2516433292012,1152.4812252141453,0.004801460352733567,49.64909400123221,3.328647575220076
2023-08-11,1259.767822265625,1265.55449762201,1242.5565564009414,1252.4975295128647,22179330,1249.0571228399253,1241.7730806207956,1211.232669954159,1153.5487535430157,0.005782051335483254,60.40758103125688,34.85035821942446
2023-08-14,1274.65478515625,1277.1524353275731,1248.8130109688743,1255.73712271286,9575812,1254.7454922435531,1244.762326487655,1213.71981172679,1154.753788683446,0.00783205450774222,64.49056692322134,64.1927700670074
2023-08-16,1273.6162109375,1277.3998161442023,1261.6721656259772,1261.6721656259772,10203112,1258.9389852866525,1247.3854068921862,1216.06869012721,1155.9364993526406,0.009071475610350294,58.82783393646427,76.15693598555563
2023-08-17,1255.242431640625,1275.0751125275667,1252.6953962030047,1269.6347394983914,13673744,1258.1175289208686,1248.099681869317,1217.6049152845987,1156.9246180818743,0.007980806574916439,56.06735385975525,51.97128922164986
2023-08-18,1264.5406494140625,1274.827925208279,1240.6771930744892,1251.9041214413387,18639978,1259.5448890304674,1249.5943152824755,1219.4455323092836,1157.9954243637867,0.007868923591030969,55.0869429074763,55.15664760129765
2023-08-21,1250.74267578125,1268.3374245054663,1248.5836072167706,1260.6443643964944,9221746,1257.5888416417524,1249.698711691455,1220.6728712689687,1158.918282586846,0.006308355909715062,46.5043211022945,34.33107201634258
2023-08-22,1250.44482421875,1259.6517042081298,1240.319812990251,1249.204008079304,7713044,1256.0012822144186,1249.7665401030272,1221.840398835627,1159.82899444388,0.004986019367377283,52.95371830439179,23.466561806643284
2023-08-23,1251.8345947265625,1262.0838090060652,1249.228880766707,1252.8272476636505,9517952,1255.0753516615616,1249.954545068803,1223.0166418117421,1160.7444730536579,0.00409064153869071,59.66463226155784,20.296166638105735
2023-08-24,1230.7904052734375,1260.6195534341234,1226.4227081001463,1260.6195534341234,14140020,1249.6786969086452,1248.2123505419515,1223.3214952808282,1161.441447503606,0.001191385925995964,52.40075338310953,-22.03330403243354
2023-08-25,1225.1075439453125,1243.2978613921046,1212.32713678729,1218.9778633049934,22222400,1244.2184406945712,1246.1119135786207,1223.3915364049258,1162.0749410005385,0.0,43.275348069991125,-42.43292323786368
2023-08-28,1212.897705078125,1232.87484375,1206.6192242506277,1226.9189266304347,12580826,1237.25827722425,1243.0924400785757,1222.9800136077965,1162.580640145589,0.0,35.813594812998076,-63.71060299092597
2023-08-29,1201.2838134765625,1217.7121468384466,1195.228533637356,1217.0173382536789,16876644,1229.263951946986,1239.291655842029,1222.1291822301012,1162.9657463478875,0.0,34.673519860886984,-75.64278944235512
2023-08-30,1200.142333984375,1212.525656094156,1198.628513903965,1207.066064519438,12168946,1222.792481288628,1235.7326265822421,1221.2669528871315,1163.335662642778,0.0,29.951907057779778,-82.15716436554978
2023-08-31,1194.6578369140625,1203.5917135507275,1191.133870437995,1202.599060591098,21638600,1216.5403380942803,1231.9985547942258,1220.2234581430896,1163.6473260683629,0.0,25.393973599852174,-87.231116244756
2023-09-01,1197.4619140625,1203.9141576589248,1192.0023233270636,1194.4343955405525,18112842,1212.3006883094404,1228.8588601822507,1219.3308485713017,1163.9837896304934,0.0,23.835111116579114,-86.25725649775575
2023-09-04,1196.494140625,1202.921543874001,1193.8140262826475,1197.4619529612137,9347626,1208.7881221573425,1225.9166129497735,1218.435291396937,1164.3072757100408,0.0,12.831893339029833,-86.92275988763251
2023-09-05,1202.89697265625,1208.033879307401,1197.362859390741,1201.1101487589583,8675876,1207.4789778237664,1223.823918377635,1217.8259455639688,1164.6912527940826,0.0,18.002960377337644,-79.50598201106884
2023-09-06,1205.4281005859375,1209.125708635972,1199.745186611218,1201.6560920331103,8200370,1207.023227326471,1222.1515713056624,1217.3397555648305,1165.0965945631558,0.0,23.689534717288183,-72.71057332965742
2023-09-07,1207.06591796875,1210.1679582595823,1196.6430625915527,1201.9537313347682,13652572,1207.0327141358664,1220.7801482750338,1216.9368599728275,1165.5141997711717,0.0,16.970815976923276,-66.01972125664338
2023-09-08,1215.1064453125,1218.9778160313297,1202.5742018862825,1211.0365924741222,23109288,1208.8268766195627,1220.2643570966216,1216.865079005756,1166.0076549506875,0.0,28.06961663972308,-50.299243168999965
2023-09-11,1228.20947265625,1229.326207160582,1216.9924464989117,1216.9924464989117,13271074,1213.134120183271,1220.9866403293152,1217.3099571881282,1166.6265785099467,0.0,38.179439524041904,-23.801619848119717
2023-09-12,1210.4658203125,1232.3785847782628,1209.026400892418,1232.3785847782628,16255666,1212.541164656433,1220.0302021459681,1217.041559663594,1167.0627898711662,0.0,31.26543049491464,-33.799083794330485
2023-09-13,1216.52099609375,1222.278310335504,1204.2120756300535,1211.0365644667,12803338,1213.4255716425034,1219.7111834139482,1217.0211454059531,1167.5549113261172,0.0,42.522730209334135,-20.658672185654375
2023-09-14,1217.6376953125,1223.8417758931353,1213.5181615722684,1220.9630582690309,9209636,1214.3615991247248,1219.5226844956346,1217.0453238336609,1168.053247485186,0.0,45.88902041348287,-1.4488335593554569
2023-09-15,1219.89599609375,1224.9336610195687,1215.7516218263509,1224.9336610195687,25468592,1215.5914651178414,1219.5566219136451,1217.157114902684,1168.5690957300474,0.0,54.3252255786583,16.695749818504545
2023-09-18,1209.274658203125,1216.4962329024152,1207.0908701058952,1211.061482045193,7516300,1214.1877302479043,1218.6218979399614,1216.8479989536818,1168.9741262024165,0.0,55.00000763814735,3.1926342736707998
2023-09-20,1182.3240966796875,1204.882232531632,1168.8488809798134,1202.623922773179,57081884,1207.1069227883004,1215.322097825391,1215.494120433133,1169.1069617295534,0.0,41.57270416852859,-32.752891174756364
2023-09-21,1173.7127685546875,1186.269851496792,1171.330377450607,1178.7504333612094,12226182,1199.6859996252754,1211.5394315280541,1213.855636045743,1169.1527906531865,0.0,40.37842117776891,-60.897048002681856
2023-09-22,1168.823974609375,1182.4729522811776,1166.367182863141,1179.2716708437545,19176786,1192.8277718439642,1207.6562081718107,1212.0896885384345,1169.1495188517556,0.0,37.09176543087606,-77.66605427684298
2023-09-25,1161.6273193359375,1171.6779308453931,1158.9720452955405,1166.5657437194718,14254884,1185.8943379532916,1203.4717637321858,1210.110772099121,1169.0746710953792,0.0,35.11972301322106,-85.83286657690404
2023-09-26,1162.644775390625,1166.4664650387544,1159.2201711598177,1160.684310036077,10087782,1180.7277684949213,1199.7602193374985,1208.2493604634938,1169.0106920336405,0.0,31.993687475427024,-87.99483508979893
2023-09-27,1175.747802734375,1177.1872222950064,1160.6595255350553,1163.1411580463557,11722778,1179.6211094370221,1197.5772723735781,1206.974789572156,1169.077727961011,0.0,37.87018144266123,-70.81977590408206
2023-09-28,1158.4757080078125,1182.7460248832851,1153.959088482433,1182.7460248832851,14518346,1174.9221313416422,1194.022584703963,1205.072864804927,1168.9722352251583,0.0,32.39212577665991,-80.02596873549992
2023-09-29,1163.8856201171875,1175.847137006539,1158.475709840611,1162.2973995824232,12342014,1172.4695732917635,1191.2828606506198,1203.4576787387412,1168.9216221395068,0.0,31.07810359397928,-77.29910735855404
2023-10-03,1150.5592041015625,1159.2201982891547,1149.492150617653,1156.4158809171215,8859056,1167.6006023606078,1187.5807100552508,1201.3832287529694,1168.7389115122635,0.0,21.361857228653662,-87.74445620567957
2023-10-04,1148.5738525390625,1150.981084388904,1139.1189302205564,1146.0178196869251,10286386,1163.3724357335977,1184.0346320992337,1199.3122728230123,1168.5382641592964,0.0,24.171454362619187,-82.67842339569177
2023-10-05,1148.5491943359375,1156.1428927957072,1146.017880733707,1151.1052273242312,10953682,1160.0783820896731,1180.8086832116612,1197.321563862735,1168.3393679421486,0.0,20.13084334738393,-80.30896184971954
2023-10-06,1150.4847412109375,1153.8597853939605,1147.5316229908371,1150.0132553057874,5431026,1157.9464618943985,1178.0519612115954,1195.4848257195274,1168.1617099647235,0.0,20.701522664209676,-76.8801128383348
2023-10-09,1140.6822509765625,1147.4818990309532,1139.0691900320726,1145.5711149238573,7576878,1154.1099705793238,1174.6547148265925,1193.3357051413718,1167.888282512105,0.0,17.57405680695011,-85.91102589079898
2023-10-10,1145.719970703125,1150.435072150941,1143.4121010954177,1144.8018394410435,10236032,1152.2455261623907,1172.0242835426407,1191.4684214379113,1167.6677022951,0.0,22.73782145535128,-83.17123084876798
2023-10-11,1163.910400390625,1166.2182699823193,1148.0031129607796,1148.722762099973,9814118,1154.8377204353314,1171.2866578015482,1190.3877147301746,1167.6303162064985,0.0,41.45947347621426,-48.59931577747786
2023-10-12,1166.0693359375,1171.0078811502246,1160.485663265934,1163.3148210249558,12554450,1157.3336349913689,1170.8123558139075,1189.4340528167365,1167.6147840645183,0.0,46.22917055603399,-18.275072322336808
2023-10-13,1166.019775390625,1170.0896281233202,1156.0187245288932,1161.4039150831682,10150316,1159.2638884134258,1170.376666684518,1188.5158458588498,1167.5989133314447,0.0,48.54720140852909,0.7496651224334808
2023-10-16,1163.4140625,1168.6254903286665,1159.418610263332,1163.885548402189,5929036,1160.1861493215533,1169.7437026677437,1187.5314621977186,1167.5572730246643,0.0,50.971908478452285,5.868960642961409
2023-10-17,1168.972900390625,1171.18152891328,1162.0491704758838,1169.3451452373686,7928180,1162.138760670236,1169.67362973346,1186.8036754601856,1167.5713588691017,0.0,53.28015732606434,21.03806177181191
2023-10-18,1153.4627685546875,1174.8048077319042,1151.9737890772074,1168.9729714451066,8918320,1160.2107624223363,1168.1999150808442,1185.496188914872,1167.4309748858739,0.0,38.7298823965182,-6.200999735856608
2023-10-19,1144.603271484375,1152.37085365543,1142.0472385636656,1147.5068298823098,12032556,1156.7424311027894,1166.0547656629835,1183.892545094068,1167.203833558496,0.0,42.3318745116456,-35.13438081211882
2023-10-20,1141.104248046875,1148.846868358942,1139.7145096810816,1141.5508934053469,8913312,1153.2672793125862,1163.7865367887919,1182.2145726608449,1166.9441361902211,0.0,37.13560946019535,-60.20531771168385
2023-10-23,1123.2860107421875,1144.6528889030683,1119.340239652529,1136.5875839948085,7853962,1146.604775185831,1160.104670784555,1179.9036486640348,1166.509726981783,0.0,35.342687547890705,-75.3591367421281
2023-10-25,1120.680419921875,1132.2200112886635,1113.2603628260954,1116.7594889591046,11620688,1140.8438073493962,1156.520647978857,1177.5811691055187,1166.0537139762116,0.0,35.108630624595136,-75.65910933120577
2023-10-26,1105.07080078125,1120.7050833883056,1101.993601137725,1117.2307983645155,15222534,1132.8942503342528,1151.8433891427107,1174.737625249665,1165.446918820043,0.0,30.099843000094978,-84.76977305661072
2023-10-27,1124.5765380859375,1128.3982276638756,1109.761144511754,1111.7712909465938,11771084,1131.0458698346272,1149.3645845011858,1172.770523792264,1165.0402483649773,0.0,39.7847599245312,-59.76862307117723
2023-10-30,1147.7550048828125,1153.9590859902871,1126.6362885582769,1128.6464350717906,16813304,1134.7590109564462,1149.2182590813338,1171.789523050717,1164.868255892518,0.0,52.52260504904146,-15.621823457234344
2023-10-31,1135.5452880859375,1155.448028104718,1133.0636557231696,1155.448028104718,12808438,1134.9337392074444,1147.975261718116,1170.3681805030787,1164.5764850685719,0.0,46.54766648248919,-11.6672320002803
2023-11-01,1140.2603759765625,1150.236586425296,1129.2419526519689,1136.1656826268284,10309190,1136.1174362672484,1147.2739084688837,1169.1874822863529,1164.3345337343233,0.0,41.167728412013716,-3.209776646923917
2023-11-02,1151.57666015625,1153.6116471680004,1145.4966608528323,1148.4746196953226,10562104,1139.5528193536932,1147.6650677131897,1168.4968618106627,1164.2075897186212,0.0,44.93410115753937,16.572377125731144
2023-11-03,1151.3284912109375,1158.897469898072,1149.3680258840427,1155.0509397455935,8850156,1142.1696353219697,1147.9981062129848,1167.8235923753796,1164.079439484714,0.0,44.871798149516415,26.06244981588704
2023-11-06,1160.9075927734375,1161.4039192346488,1154.256866662586,1157.5822297180116,10647304,1146.3336258667402,1149.1716959002986,1167.5523767047152,1164.0478788209202,0.0,49.16569758701198,43.96248708914332
2023-11-07,1153.3634033203125,1160.9572220726066,1151.2540159543112,1158.4507493206686,6960204,1147.8957986342007,1149.5527602112088,1166.9959463759153,1163.9415656318595,0.0,44.872005665645126,42.532582926141835
2023-11-08,1159.3690185546875,1161.9003321646271,1152.3460470752768,1157.4333936812943,7884494,1150.4454030609754,1150.4451473333431,1166.6968511672396,1163.896067650992,0.0,52.069546054927834,64.66394179469957
2023-11-09,1146.787109375,1159.3689122452763,1143.6353879313751,1159.344192861405,14513610,1149.6324489085364,1150.1125984280393,1165.9160769793086,1163.7258292601864,0.0,50.745760959643036,57.4893293771652
2023-11-10,1148.9461669921875,1149.6659373563402,1140.5831381668131,1144.3055869187945,7734954,1149.4799418160144,1150.006559206598,1165.250590313147,1163.578767944087,0.0,52.702678824605435,57.13041242595514
2023-11-13,1148.79736328125,1153.7606282722284,1147.3579437297892,1152.9167762849927,3854810,1149.3282576971778,1149.8966323042935,1164.605365723661,1163.4316892907257,0.0,60.011727271943364,56.69872016428249
2023-11-15,1169.5684814453125,1172.2982770196893,1154.9516911953865,1161.4039352802763,12220648,1153.8260851967634,1151.6849822262043,1164.7999977127452,1163.4927518992292,0.0,66.79161079819175,75.76761098938266
2023-11-16,1171.6778564453125,1178.353423134986,1164.8533675821152,1166.9131951067154,13134910,1157.7931454742188,1153.5025162461232,1165.069717663042,1163.5741957255584,0.0,75.21607040692683,78.20639678424305
2023-11-17,1169.121826171875,1177.9067803474445,1167.384683548377,1167.8064883385834,7758634,1160.310630073698,1154.9224535121004,1165.2286238790748,1163.629396028507,0.0,69.34683650606996,72.15071180967628
2023-11-20,1166.0445556640625,1170.5362129509904,1159.61703140789,1165.6474702823514,4490186,1161.5848357604455,1155.9335537077334,1165.2606212039764,1163.6534274676667,0.0,59.623878173423535,62.06680615763752
2023-11-21,1180.7109375,1185.227556641674,1171.4296571663483,1174.3083747965666,8214450,1165.8350805914577,1158.186043143394,1165.8665159606833,1163.8231539356502,0.0,73.16700540860042,73.13778698070507
2023-11-22,1185.3267822265625,1188.4288224829827,1177.3855591701267,1178.7752974396924,8534814,1170.1665698437032,1160.6533830600456,1166.6296636573843,1164.0371203863062,0.0,73.13965878179334,79.59484183645347
2023-11-23,1188.9500732421875,1191.1835423841578,1185.3268657327444,1185.3268657327444,8531542,1174.340681710033,1163.2258094402403,1167.5049738371804,1164.2850104644742,0.0,70.83566418813434,85.33354324441115
2023-11-24,1188.1558837890625,1192.474021001291,1186.7414260587238,1187.0144298509326,6749486,1177.410726616484,1165.4921798355879,1168.3148134431367,1164.5225315920823,0.0,70.40701748689767,84.33703677381726
2023-11-28,1188.404052734375,1191.034607263244,1178.899449291774,1188.155889499075,13792174,1179.8536879760154,1167.5750773718412,1169.1026267486754,1164.7601586681249,0.0,66.99384225861306,84.32514916816737
2023-11-29,1191.5308837890625,1197.1145563492605,1190.2156671664848,1195.1540911072586,12531306,1182.4486203789147,1169.752877955225,1169.9821662404552,1165.0265340424626,0.0,74.95132119076348,82.19398336618954
2023-11-30,1179.9913330078125,1191.530923348677,1176.2440439527552,1188.5529645510346,28439984,1181.9025565186698,1170.683646596369,1170.3746825842732,1165.1754375147548,0.009507620614215565,62.57184955870753,60.33818008521702
2023-12-01,1188.3544921875,1189.3967050711567,1180.0658643673892,1180.2643464861462,14342842,1183.336320000632,1172.2900871046536,1171.079773156949,1165.4060748746826,0.009295402145234204,76.71457486702336,64.72019151667581
2023-12-04,1201.2093505859375,1215.9999042684665,1190.4887710727894,1215.9999042684665,15590990,1187.3081045751444,1174.9191110574975,1172.261325212988,1165.7623263742971,0.01031376713110306,79.52893302986413,60.41378122975271
2023-12-05,1209.919921875,1211.458582489934,1201.929016778731,1210.5403299982054,12693624,1192.332952864001,1178.1010029499976,1173.738132925224,1166.2017054340056,0.011762720537693443,81.48808685327913,70.1490929985415
2023-12-06,1221.5091552734375,1227.3905513904704,1208.5549856031337,1214.560584514323,16422442,1198.8165533994313,1182.0471986157647,1175.611506350644,1166.75202831798,0.013728390582478057,79.5538083265034,76.69132348178061
2023-12-07,1219.4989013671875,1221.4345260102064,1212.0291642243994,1220.9630401277734,8142096,1203.4126307255992,1185.4518988658942,1177.3325806650184,1167.2768728259323,0.014727960672673924,77.24050076628032,76.70174703079304
2023-12-08,1218.8536376953125,1229.2516522307412,1213.5181285411948,1222.8739302715144,10204894,1206.8439656077576,1188.4884205776593,1178.9608574113047,1167.7900744664237,0.01505967940892896,78.9593477441872,73.33676449235782
2023-12-11,1220.6405029296875,1224.7351961410227,1217.1909371644088,1218.9777608532804,7066138,1209.9098627904086,1191.4113371551164,1180.5953533139864,1168.3159493765058,0.015154769640113952,82.27685130926022,71.90145392403652
2023-12-12,1203.1201171875,1223.4198198791,1201.184371389843,1220.9630282642331,9197124,1208.4010304342066,1192.4757717035147,1181.4786773874575,1168.6622595039785,0.013236632405349454,62.81572267506639,39.656173963647134
2023-12-13,1208.03369140625,1210.2176004047435,1194.3103140708777,1202.102614795848,10031182,1208.3193995391052,1193.8901280401271,1182.5200504862337,1169.0540150452946,0.011944428041722284,62.94192050962008,30.23850068585645
2023-12-14,1223.0228271484375,1228.3831772791464,1212.3518080035872,1217.9851619285064,16972354,1211.5868278967346,1196.5385552317916,1184.108394669065,1169.5910181507986,0.01230416336547784,67.19247759811373,52.84214142691332
2023-12-15,1238.63232421875,1240.8161121066785,1225.9511593183302,1229.8969303201395,15932152,1217.5969381905156,1200.3652615033334,1186.246587984739,1170.277996320629,0.013911857740391914,72.15679718452647,74.79515489123747
2023-12-18,1251.239013671875,1258.1379030406688,1236.3243792186838,1238.6323699765337,14165188,1225.072954964151,1204.99014806411,1188.7953105607053,1171.0835785828303,0.01605033625119013,74.88200547192977,79.63832736631981
2023-12-19,1269.6527099609375,1277.4945707453207,1253.3234974409622,1268.1140495332209,16820604,1234.979567185659,1210.8685627820032,1191.9661889685576,1172.064365959727,0.018990235845200303,77.59460158675405,82.50775877967358
2023-12-20,1254.2913818359375,1289.8780864366483,1250.742696068458,1276.080186427869,17736722,1239.2710815523876,1214.8160917869063,1194.410314179043,1172.8825452221768,0.019497056361565613,75.55470279820103,55.96297058194442
2023-12-21,1271.8614501953125,1277.2962009364337,1249.8741628164655,1254.2170195322976,13765454,1246.5133856952598,1220.0020334603976,1197.4476136306614,1173.8674099482778,0.020844528490733812,77.01067098570596,59.88389304569307
2023-12-22,1273.102294921875,1280.9689971307214,1264.4661412408368,1270.3973397701047,16541784,1252.4220321900632,1224.8293299568954,1200.4144638773757,1174.8548217390598,0.021673593978448532,75.1431237827541,62.34857394267356
2023-12-26,1279.554443359375,1286.453332624264,1271.935783794956,1274.5663382448713,7465664,1258.4514568943546,1229.8043402662117,1203.517992484513,1175.896609018864,0.022388353052748555,74.74416320808406,70.307984782078
2023-12-27,1283.9222412109375,1290.3992050276352,1277.0977519092014,1281.5150092423955,9204156,1264.1116311869287,1234.724149443005,1206.671100277706,1176.971490931223,0.02288883298431432,73.37786800545024,78.40304398172901
2023-12-28,1293.2034912109375,1296.4047727896043,1283.922210219302,1285.38634910855,12302636,1270.5764889700417,1240.0404532400898,1210.064527373127,1178.128028247439,0.023612707464436535,76.18121332692738,86.29323068721247
2023-12-29,1282.97900390625,1297.3973111899322,1280.1748079960485,1295.958012986606,10864584,1273.3326034003103,1243.9439578461045,1212.92391860972,1179.1713215375764,0.022906567811887057,71.32709791671911,79.02132139815762
